Sku_Code,Image
A-S-01-BLACK,https://i.imgur.com/c8iNFZf.jpg
A-S-01-MAROON,https://i.imgur.com/LJcWMNE.jpg
A-S-02-MUSTARD,https://i.imgur.com/W9PQGoP.jpg
A-S-03-BLACK,https://i.imgur.com/pl9y26b.jpg
A-S-03-MUSTARD,https://i.imgur.com/ptTRGIg.jpg
A-S-04-BLACK,https://i.imgur.com/RsmpLFm.jpg
A-S-04-MAROON,https://i.imgur.com/jEyddBb.jpg
A-S-04-YELLOW,https://i.imgur.com/D0rCA8N.jpg
A-S-05-BLACK,https://i.imgur.com/HQ1JbTe.jpg
A-S-05-MAROON,https://i.imgur.com/5wmyC8L.jpg
A-S-06-BLACK,https://i.imgur.com/OUtwea9.jpg
A-S-06-MAROON,https://i.imgur.com/gzMvMHJ.jpg
A-S-07-BLACK,https://i.imgur.com/kAPVk7g.jpg
A-ST-01-BLACK,https://i.imgur.com/h5h6VoW.jpg
A-ST-02-BEIGE,https://i.imgur.com/b6QWbHp.jpg
A-ST-02-BLACK,https://i.imgur.com/nD94Tt5.jpg
A-ST-02-NAVYBLUE,https://i.imgur.com/k4zdcCc.jpg
A-ST-03-BLACK,https://i.imgur.com/BeWfaoQ.jpg
A-ST-03-WINE,https://i.imgur.com/K5zujx0.jpg
A-ST-04-BLACK,https://i.imgur.com/4TBFZtJ.jpg
A-ST-04-WINE,https://i.imgur.com/W4Dto9K.jpg
dummy1,
ERS_S_01-Black,https://m.media-amazon.com/images/I/41DSgcc6K7L.jpg
ERS_S_01-Grey,https://m.media-amazon.com/images/I/41DJm+plffL.jpg
ERS_S_01-Red,https://m.media-amazon.com/images/I/41eQ0KwzCrL.jpg
ERS_S_010-Black,https://m.media-amazon.com/images/I/41zpRqymBrL.jpg
ERS_S_010-Grey,https://m.media-amazon.com/images/I/41DmS5hFjCL.jpg
ERS_S_011-Black,https://m.media-amazon.com/images/I/41WHmfO+5pL.jpg
ERS_S_011-Grey,https://m.media-amazon.com/images/I/41gbqZcZx7L.jpg
ERS_S_011-White,https://m.media-amazon.com/images/I/717WhWHCzpL._UL1500_.jpg
ERS_S_012-White,https://i.imgur.com/PoWuAfp.jpg
ERS_S_013-Blue,https://m.media-amazon.com/images/I/41Ncqj5Tk1L.jpg
ERS_S_013-Grey,https://m.media-amazon.com/images/I/41SielI1I9L.jpg
ERS_S_013-Orange,https://m.media-amazon.com/images/I/416Fsfv5wfL.jpg
ERS_S_014-Black,https://m.media-amazon.com/images/I/41ZGGpj15eL.jpg
ERS_S_014-Grey,https://m.media-amazon.com/images/I/41KxF6bs97L.jpg
ERS_S_014-Pink,https://m.media-amazon.com/images/I/41HuiYA870L.jpg
ERS_S_015-Black,https://m.media-amazon.com/images/I/41FVajoleuL.jpg
ERS_S_015-Brown,https://m.media-amazon.com/images/I/41UKvq0J9aL.jpg
ERS_S_015-Red,https://m.media-amazon.com/images/I/41jubJfgacL.jpg
ERS_S_016-Black,https://m.media-amazon.com/images/I/714R99HwP2L.jpg
ERS_S_016-Brown,https://m.media-amazon.com/images/I/51kEyYdgwoL.jpg
ERS_S_016-Red,https://m.media-amazon.com/images/I/712nfTrlUML.jpg
ERS_S_017-Beige,https://m.media-amazon.com/images/I/41NlfRqNunL.jpg
ERS_S_017-Black,https://m.media-amazon.com/images/I/41NlmkFr9RL.jpg
ERS_S_017-Red,https://m.media-amazon.com/images/I/41yJ+b53EwL.jpg
ERS_S_018-Black,https://i.imgur.com/tbPLz6s.jpg
ERS_S_018-Blue,https://m.media-amazon.com/images/I/41+UQM9LLcL.jpg
ERS_S_018-Brown,https://m.media-amazon.com/images/I/41CAWoRqQlL.jpg
ERS_S_018-Red,https://m.media-amazon.com/images/I/416q91kglRL.jpg
ERS_S_019-Black,https://images-na.ssl-images-amazon.com/images/I/71GmXEKphGL._UL1500_.jpg
ERS_S_019-Blue,https://images-na.ssl-images-amazon.com/images/I/71iCybYPNIL._UL1500_.jpg
ERS_S_019-Red,https://images-na.ssl-images-amazon.com/images/I/81ezC3LS36L._UL1500_.jpg
ERS_S_02-Black,https://m.media-amazon.com/images/I/41ANR+W3vhL.jpg
ERS_S_02-Brown,https://m.media-amazon.com/images/I/41MdF-G1cIL.jpg
ERS_S_02-Red,https://m.media-amazon.com/images/I/41B98LoBRaL.jpg
ERS_S_020-Black,https://m.media-amazon.com/images/I/814Oo26EjEL.jpg
ERS_S_020-Blue,https://m.media-amazon.com/images/I/41OPArUPq4L.jpg
ERS_S_020-Red,https://m.media-amazon.com/images/I/413zPpNAXUL.jpg
ERS_S_04-Multi01,https://m.media-amazon.com/images/I/41ADiR4YfML.jpg
ERS_S_04-Multi02,https://m.media-amazon.com/images/I/41Krpn-wJcL.jpg
ERS_S_04-Multi03,https://m.media-amazon.com/images/I/41rIBP-SW5L.jpg
ERS_S_05-Black,https://m.media-amazon.com/images/I/41glBZurIvL.jpg
ERS_S_05-Grey,https://m.media-amazon.com/images/I/41as66ut3xL.jpg
ERS_S_05-Red,https://m.media-amazon.com/images/I/71hGEqi6h1L.jpg
ERS_S_06-Black,https://m.media-amazon.com/images/I/41TSJ6jqUxL.jpg
ERS_S_06-Grey,https://m.media-amazon.com/images/I/71NJTZjjAFL.jpg
ERS_S_06-Red,https://m.media-amazon.com/images/I/41J8rJezXcL.jpg
ERS_S_07-Black,https://m.media-amazon.com/images/I/41nDymUUCCL.jpg
ERS_S_07-Grey,https://m.media-amazon.com/images/I/41uek6GikaL.jpg
ERS_S_07-Red,https://m.media-amazon.com/images/I/41Dum6Am7ZL.jpg
ERS_S_08-Black,https://m.media-amazon.com/images/I/51XIKars5aL.jpg
ERS_S_08-Grey,https://m.media-amazon.com/images/I/41Wi2X+7APL.jpg
ERS_S_08-Red,https://m.media-amazon.com/images/I/716w8EegOIL.jpg
ERS_S_09-Black,https://m.media-amazon.com/images/I/71z+blz-2ML.jpg
ERS_S_09-Grey,https://m.media-amazon.com/images/I/41enRfCVTtL.jpg
ERS_S_09-Red,https://m.media-amazon.com/images/I/51zw-N9XCuL.jpg
H-S-01-BEIGE,https://imgur.com/a/bXZVH9l
H-S-01-BLACK,https://i.imgur.com/bqoCgRX.jpg
H-S-01-DBEIGE,https://i.imgur.com/2BP24hx.jpg
H-S-01-DPINK,https://i.imgur.com/5W7s6oP.jpg
H-S-01-MAROON,https://i.imgur.com/mW4FPbn.jpg
H-S-01-PEACH,https://i.imgur.com/29lj54E.jpg
H-S-01-RED,https://i.imgur.com/mLTkIfu.jpg
H-S-01-WHITE,https://i.imgur.com/f9Qe8dM.jpg
H-S-01-YELLOW,https://i.imgur.com/AyaC4q7.jpg
H-S-02-BLACK,https://i.imgur.com/eD9CWEI.jpg
H-S-02-DPINK,https://i.imgur.com/7vEl4P1.jpg
H-S-02-MAROON,https://i.imgur.com/XeCjiHj.jpg
H-S-02-TEAL,https://i.imgur.com/8MvylBY.jpg
H-S-03-BLACK,https://i.imgur.com/hDBqbYM.jpg
H-S-03-DBEIGE,https://i.imgur.com/9WC7GPN.jpg
H-S-03-DPINK,https://i.imgur.com/ZoQX5Mq.jpg
H-S-03-MAROON,https://i.imgur.com/uyoUzyd.jpg
H-S-03-MUSTARD,https://i.imgur.com/ViZiXb9.jpg
H-S-03-TEAL,https://i.imgur.com/a1YbnEg.jpg
H-S-04-BLACK,https://i.imgur.com/CSXiyxL.jpg
H-S-04-DBEIGE,https://i.imgur.com/LoJ2doZ.jpg
H-S-04-DGREEN,https://i.imgur.com/enUBwmq.jpg
H-S-04-MAROON,https://i.imgur.com/vN3yjs6.jpg
H-S-04-MUSTARD,https://i.imgur.com/BfdXTs1.jpg
H-S-04-NAVYBLUE,https://i.imgur.com/E3NhwKB.jpg
H-S-04-PEACH,https://i.imgur.com/ZdU3OqM.jpg
H-S-04-RED,https://i.imgur.com/l6HgvhG.jpg
H-S-04-TEAL,https://i.imgur.com/LWb1dcQ.jpg
H-ST-01-BEIGE,https://i.imgur.com/QfWObLx.jpg
H-ST-01-BLACK,https://i.imgur.com/VeijXLe.jpg
H-ST-01-DPINK,https://i.imgur.com/mVqNUYF.jpg
H-ST-01-MAROON,https://i.imgur.com/zzUhfH1.jpg
H-ST-01-MUSTARD,https://i.imgur.com/icTOfNS.jpg
H-ST-01-WINE,https://i.imgur.com/T1VKluf.jpg
H-ST-02-BEIGE,https://i.imgur.com/e939gaS.jpg
H-ST-02-BLACK,https://i.imgur.com/t0Rn3tW.jpg
H-ST-02-NAVYBLUE,https://i.imgur.com/Tv6yBjI.jpg
H-ST-02-RED,https://i.imgur.com/LghyBiM.jpg
H-ST-02-TEAL,https://i.imgur.com/VbxgmQC.jpg
H-ST-02-WHITE,https://i.imgur.com/nnjRmks.jpg
H-ST-02-WINE,https://i.imgur.com/XWah8fx.jpg
H-ST-03-DPINK,https://i.imgur.com/JLzZXb3.jpg
H-ST-03-MUSTARD,https://i.imgur.com/hRy0qRA.jpg
H-ST-03-NAVYBLUE,https://i.imgur.com/BaGGSm4.jpg
H-ST-03-RED,https://i.imgur.com/o6bVutA.jpg
H-ST-03-WHITE,https://i.imgur.com/9iub67v.jpg
H-ST-04-BEIGE,https://i.imgur.com/lYG8ddy.jpg
H-ST-04-BLACK,https://i.imgur.com/Krv5ryh.jpg
H-ST-04-MAROON,https://i.imgur.com/mOIZKnF.jpg
H-ST-04-MUSTARD,https://i.imgur.com/aCDst5s.jpg
H-ST-04-NAVYBLUE,https://i.imgur.com/piLsDu6.jpg
H-ST-04-WINE,https://i.imgur.com/5F9OxSC.jpg
H-ST-05-BEIGE,https://i.imgur.com/rr4NQPI.jpg
H-ST-05-BLACK,https://i.imgur.com/CyVy941.jpg
H-ST-05-MAROON,https://i.imgur.com/Lqyh1nD.jpg
H-ST-05-WINE,https://i.imgur.com/QN96xwD.jpg
H-ST-05-YELLOW,https://i.imgur.com/faQwrGw.jpg
H-ST-06-BEIGE,https://i.imgur.com/jpW8wLg.jpg
H-ST-06-BLACK,https://i.imgur.com/xmeZW3c.jpg
H-ST-06-NAVYBLUE,https://i.imgur.com/QUcLUUf.jpg
H-ST-06-YELLOW,https://i.imgur.com/wnn7mS5.jpg
H-ST-07-BLACK,https://i.imgur.com/2QJs0SR.jpg
H-ST-07-WINE,https://i.imgur.com/ggY3CUd.jpg
H-ST-08-BLACK,https://i.imgur.com/jS94V4T.jpg
H-ST-08-GREY,https://i.imgur.com/XE4cXqU.jpg
H-ST-08-MUSTARD,https://i.imgur.com/BQbriSr.jpg
H-ST-08-NAVYBLUE,https://i.imgur.com/HXGjLlV.jpg
H-ST-08-RED,https://i.imgur.com/v05EB0t.jpg
H-ST-09-BEIGE,https://i.imgur.com/owMoKFV.jpg
H-ST-09-BLACK,https://i.imgur.com/NUL9cSp.jpg
H-ST-09-GREY,https://i.imgur.com/9e7a2iO.jpg
H-ST-09-NAVYBLUE,https://i.imgur.com/73pnjwr.jpg
H-ST-09-YELLOW,https://i.imgur.com/bokQ1MJ.jpg
H-ST-10-BLACK,https://i.imgur.com/NJO5ewa.jpg
H-ST-10-MAROON,https://i.imgur.com/Zkl9o6c.jpg
H-ST-10-MUSTARD,https://i.imgur.com/r5KzC0L.jpg
H-ST-10-NAVYBLUE,https://i.imgur.com/wLt4Qi6.jpg
H-ST-10-PEACH,https://i.imgur.com/biccJ7t.jpg
H-ST-10-PINK,https://i.imgur.com/kOXGRCO.jpg
H-ST-10-RED,https://i.imgur.com/ayZJvKb.jpg
H-ST-10-TEAL,https://i.imgur.com/FcfhaIa.jpg
H-ST-11-BLACK,https://i.imgur.com/PeJTSVp.jpg
H-ST-11-DPINK,https://i.imgur.com/TaGACQC.jpg
H-ST-11-GREEN,https://i.imgur.com/oGzdG3K.jpg
H-ST-11-MAROON,https://i.imgur.com/QK7KXOV.jpg
H-ST-11-PEACH,https://i.imgur.com/6qEg93B.jpg
H-ST-11-WHITE,https://i.imgur.com/HjBpXmu.jpg
H-ST-11-YELLOW,https://i.imgur.com/3bDOOr1.jpg
H-ST-12-BLACK,https://i.imgur.com/5aUxVLr.jpg
H-ST-12-DPINK,https://i.imgur.com/EwOPPNB.jpg
H-ST-12-GREEN,https://i.imgur.com/wbecKL1.jpg
H-ST-12-PEACH,https://i.imgur.com/N6EHPSF.jpg
H-ST-12-RED,https://i.imgur.com/lmsCTIB.jpg
H-ST-12-WHITE,https://i.imgur.com/yzlcXnx.jpg
H-ST-12-YELLOW,https://i.imgur.com/nkP5qy9.jpg
IS-S-01-BLACK,https://m.media-amazon.com/images/I/41nH9i7s9qL.jpg
IS-S-01-BROWN,https://m.media-amazon.com/images/I/41jdvQcBm4L.jpg
IS-S-01-RED,https://m.media-amazon.com/images/I/41YpJ8g6IKL.jpg
IS-S-02-LIGHT,https://i.imgur.com/4GyrwBO.jpg
IS-S-02-WHITE,https://i.imgur.com/xhH5ZgO.jpg
IS-S-03-BEIGE,https://m.media-amazon.com/images/I/51llCwGI4qL.jpg
IS-S-03-BLACK,https://m.media-amazon.com/images/I/41NV7mOB7vL.jpg
IS-S-03-PEACH,https://m.media-amazon.com/images/I/41GcLvWemkL.jpg
IS-S-04-BEIGE,https://m.media-amazon.com/images/I/51Etg0iQ1qL.jpg
IS-S-04-BLACK,https://m.media-amazon.com/images/I/51FBpYSaA1L.jpg
IS-S-04-RED,https://m.media-amazon.com/images/I/51OxSeMHU-L.jpg
IS-S-04-WHITE,https://m.media-amazon.com/images/I/41yMQ5TnEdL.jpg
IS-S-05-BEIGE,https://m.media-amazon.com/images/I/41qkue-K7uL.jpg
IS-S-05-BROWN,https://m.media-amazon.com/images/I/41-ChmK5gpL.jpg
IS-S-05-WHITE,https://m.media-amazon.com/images/I/41BpAc0nsyL.jpg
IS-S-06-BLACK,https://m.media-amazon.com/images/I/41+oj3HiADL.jpg
IS-S-06-LIGHT,https://m.media-amazon.com/images/I/61JTnQ9EBfL.jpg
IS-S-07-BLACK,https://m.media-amazon.com/images/I/41evpv+IMnL.jpg
IS-S-07-LIGHT,https://m.media-amazon.com/images/I/31vXGDeG6PL.jpg
IS-S-07-RED,https://m.media-amazon.com/images/I/41Fp3lVjP+L.jpg
IS-S-08-BLACK,https://m.media-amazon.com/images/I/51igaXJUcOL.jpg
IS-S-08-LIGHT,https://m.media-amazon.com/images/I/51fWRzwHYdL.jpg
IS-S-08-WHITE,https://m.media-amazon.com/images/I/51lvftxIUzL.jpg
IS-S-09-PINK,https://images-na.ssl-images-amazon.com/images/I/81JO0fCIJ8L._UL1500_.jpg
IS-S-09-RED,https://images-na.ssl-images-amazon.com/images/I/81ECFDyQrBL._UL1500_.jpg
IS-S-10-BLACK,https://m.media-amazon.com/images/I/51h0zJr3qKL.jpg
IS-S-10-WHITE,https://m.media-amazon.com/images/I/51AWgwVTwbL.jpg
IS-S-11-BLACK,https://m.media-amazon.com/images/I/71WLY6ZXawL.jpg
IS-S-11-LIGHT,https://m.media-amazon.com/images/I/41l0W0B-oRL.jpg
IS-S-12-BLACK,https://m.media-amazon.com/images/I/51SF57LK9KL.jpg
IS-S-12-BROWN,https://images-na.ssl-images-amazon.com/images/I/81HfObpP37L._UL1500_.jpg
IS-S-12-WHITE,https://m.media-amazon.com/images/I/51w49uCMY+L.jpg
IS-S-13-RED,https://m.media-amazon.com/images/I/41tKgC0T0-L.jpg
IS-S-13-YELLOW,https://m.media-amazon.com/images/I/515vtCBJq3L.jpg
IS-S-14-BEIGE,SKU NOT FOUND
IS-S-14-BLUE,https://m.media-amazon.com/images/I/41YvKw5PxrL.jpg
IS-S-14-BROWN,https://m.media-amazon.com/images/I/41eahhvoNSL.jpg
IS-S-14-RED,https://m.media-amazon.com/images/I/51II-FW6jFL.jpg
IS-S-15-LIGHT,https://m.media-amazon.com/images/I/51XIAnNDCIL.jpg
IS-S-15-RED,https://m.media-amazon.com/images/I/51E69m7pqwL.jpg
IS-S-16-RED,https://m.media-amazon.com/images/I/51OtIzC5M6L.jpg
IS-S-16-YELLOW,https://m.media-amazon.com/images/I/51emId1PRAL.jpg
IS-S-17-MULTI-1,https://m.media-amazon.com/images/I/41slDmovMJL.jpg
IS-S-17-MULTI-2,https://m.media-amazon.com/images/I/41NweFjuARL.jpg
IS-S-17-MULTI-3,https://m.media-amazon.com/images/I/51c0c1BQnbL.jpg
IS-S-17-MULTI-4,https://m.media-amazon.com/images/I/410ZlJhJCwL.jpg
IS-S-17-MULTI-5,https://m.media-amazon.com/images/I/51jw1iX+ZyL.jpg
IS-S-17-MULTI-6,https://m.media-amazon.com/images/I/41ob8XxOvAL.jpg
IS-S-17-MULTI-7,https://m.media-amazon.com/images/I/71+g42Df+VL._UL1500_.jpg
IS-S-18-BEIGE,https://m.media-amazon.com/images/I/41HufRWIsiL.jpg
IS-S-18-GREY,https://m.media-amazon.com/images/I/41HP2PSRrKL.jpg
IS-S-18-RED,https://m.media-amazon.com/images/I/71vAS4PUeoL.jpg
IS-S-19-GREY,https://m.media-amazon.com/images/I/41chseCx-fL.jpg
IS-S-19-MAROON,https://m.media-amazon.com/images/I/71-uw-ZnEsL.jpg
IS-S-19-RED,https://m.media-amazon.com/images/I/41UMCX2YEpL.jpg
IS-S-20-BEIGE,https://m.media-amazon.com/images/I/41Lx0IpZmtL.jpg
IS-S-20-RED,https://m.media-amazon.com/images/I/413Qm-Uz6tL.jpg
IS-S-21-GREY,https://m.media-amazon.com/images/I/41JIZwDsuQL.jpg
IS-S-21-MAROON,https://m.media-amazon.com/images/I/41xvAza2+YL.jpg
IS-S-21-RED,https://m.media-amazon.com/images/I/719T55kqPHL.jpg
IS-S-22-M-BEIGE,https://m.media-amazon.com/images/I/61oePjsqK8L._UL1500_.jpg
IS-S-22-M-LPINK,https://m.media-amazon.com/images/I/618oJSa9EcL._UL1500_.jpg
IS-S-22-M-NAVYBLUE,https://m.media-amazon.com/images/I/61TK6+clpPL._UL1500_.jpg
IS-S-22-M-RED,https://m.media-amazon.com/images/I/611P6m1NWnL._UL1500_.jpg
IS-S-22-M-YELLOW,https://m.media-amazon.com/images/I/615868a5vjL._UL1500_.jpg
IS-ST-01-BEIGE,https://m.media-amazon.com/images/I/41mQBprCyLL.jpg
IS-ST-01-BLACK,https://m.media-amazon.com/images/I/51ftInc8wWL.jpg
IS-ST-01-PEACH,https://m.media-amazon.com/images/I/41Lk8qYKz8L.jpg
IS-ST-02-BEIGE,https://m.media-amazon.com/images/I/41tfLIcxGyL.jpg
IS-ST-02-NAVYBLUE,https://m.media-amazon.com/images/I/51y7hu5dUEL.jpg
IS-ST-02-YELLOW,https://m.media-amazon.com/images/I/41SXt48kz8L.jpg
IS-ST-03-BLACK,https://m.media-amazon.com/images/I/41qykdZil4L.jpg
IS-ST-03-NAVYBLUE,https://m.media-amazon.com/images/I/515p33biBQL.jpg
IS-ST-03-PEACH,https://m.media-amazon.com/images/I/41Y720dYaGL.jpg
IS-ST-03-RED,https://m.media-amazon.com/images/I/51x6hn+4aIL.jpg
IS-ST-03-WHITE,https://m.media-amazon.com/images/I/41ZXDIPan8L.jpg
IS-ST-04-BLACK,https://m.media-amazon.com/images/I/41kPBtqxxgL.jpg
IS-ST-04-WHITE,https://m.media-amazon.com/images/I/71gqI8I66YL.jpg
IS-ST-05-RED,https://m.media-amazon.com/images/I/41XtdjieK8L.jpg
IS-ST-05-WHITE,https://m.media-amazon.com/images/I/71HXddDzsyL.jpg
IS-ST-06-BLACK,https://m.media-amazon.com/images/I/41+dMC-ICIL.jpg
IS-ST-06-BROWN,https://m.media-amazon.com/images/I/41ohcpu0QhL.jpg
IS-ST-06-RED,https://m.media-amazon.com/images/I/41ZXGzttvVL.jpg
IS-ST-07-LIGHT,https://images-na.ssl-images-amazon.com/images/I/716znHaB%2B0L._UL1500_.jpg
IS-ST-07-PINK,https://images-na.ssl-images-amazon.com/images/I/71hVzkFhNbL._UL1500_.jpg
IS-ST-07-WHITE-01,https://m.media-amazon.com/images/I/41S-b-0iwDL.jpg
IS-ST-07-WHITE-02,https://images-na.ssl-images-amazon.com/images/I/71Bt0rZ4C-L._UL1500_.jpg
IS-ST-08-PINK,https://m.media-amazon.com/images/I/41yEgotnPjL.jpg
IS-ST-08-YELLOW,https://m.media-amazon.com/images/I/41tuNklaSIL.jpg
IS-ST-09-BLACK,https://m.media-amazon.com/images/I/51IGdwWXF-L.jpg
IS-ST-09-SQUARE,https://m.media-amazon.com/images/I/41Qa0U+v82L.jpg
IS-ST-09-TRIANGLE,https://m.media-amazon.com/images/I/41Xc6C3MaWL.jpg
IS-ST-10-BLUE,https://m.media-amazon.com/images/I/51sf8mNQPHL.jpg
IS-ST-10-GREY,https://m.media-amazon.com/images/I/41It+Lzf92L.jpg
IS-ST-10-PURPLE,https://m.media-amazon.com/images/I/51R9Hq7T0yL.jpg
IS-ST-11-BEIGE,https://m.media-amazon.com/images/I/51AWhj+8-LL.jpg
IS-ST-11-BLACK,https://m.media-amazon.com/images/I/51brPzCZjNL.jpg
IS-ST-11-GREEN,https://m.media-amazon.com/images/I/51uWdhfOT1L.jpg
IS-ST-11-RED,https://m.media-amazon.com/images/I/51bE4kNY9IL.jpg
IS-ST-11-WHITE,https://m.media-amazon.com/images/I/81sYi+92XeL.jpg
IS-ST-12-BEIGE,https://m.media-amazon.com/images/I/51+cSiQQ-nL.jpg
IS-ST-12-BLUE,https://m.media-amazon.com/images/I/81k5enIiUUL.jpg
IS-ST-13-BLUE,https://m.media-amazon.com/images/I/51BG9qn0ChL.jpg
IS-ST-13-GREY,https://m.media-amazon.com/images/I/71f1z4gWR2L.jpg
IS-ST-13-PURPLE,https://m.media-amazon.com/images/I/51tjvJkHMrL.jpg
IS-ST-14-BEIGE,https://m.media-amazon.com/images/I/41rMycSYd5L.jpg
IS-ST-14-GREY,https://m.media-amazon.com/images/I/41AQcWh5cgL.jpg
IS-ST-15-BEIGE-1,https://i.imgur.com/FqD88se.jpg
IS-ST-15-BEIGE-2,https://m.media-amazon.com/images/I/418SLxwyOoL.jpg
IS-ST-15-GREY,https://m.media-amazon.com/images/I/41+0Ot35emL.jpg
IS-ST-16-BEIGE,https://m.media-amazon.com/images/I/41snkGAJDlL.jpg
IS-ST-16-GREY,https://m.media-amazon.com/images/I/41dVIkWX1bL.jpg
IS-ST-17-M-BEIGE,https://m.media-amazon.com/images/I/3174sKuV19L.jpg
IS-ST-17-M-GREY,https://m.media-amazon.com/images/I/31tnyQejSNL.jpg
IS-ST-17-M-LGREY,https://m.media-amazon.com/images/I/31+Nd-CvfhL.jpg
IS-ST-17-M-LPINK,https://m.media-amazon.com/images/I/41Z4+cKYHHL.jpg
IS-ST-17-M-NAVYBLUE,https://m.media-amazon.com/images/I/31Z0cYiKAdL.jpg
IS-ST-17-M-PINK,https://m.media-amazon.com/images/I/31uL1K9Af1L.jpg
IS-ST-17-M-YELLOW,https://m.media-amazon.com/images/I/419mQlMBqML.jpg
IS-ST-18-BEIGE,https://m.media-amazon.com/images/I/61ypKzP7IkL._UL1500_.jpg
IS-ST-18-GREY,https://m.media-amazon.com/images/I/71it+l9yJkL._UL1500_.jpg
IS-ST-18-NAVYBLUE,https://m.media-amazon.com/images/I/71rmuqCTQYL._UL1500_.jpg
IS-ST-18-RED,https://m.media-amazon.com/images/I/7139UOtyLSL._UL1500_.jpg
IS-ST-19-BEIGE,https://m.media-amazon.com/images/I/71xBfFuBU8L._UL1500_.jpg
IS-ST-19-BLACK,https://m.media-amazon.com/images/I/61CCPjcvjbL._UL1500_.jpg
IS-ST-19-RED,https://m.media-amazon.com/images/I/61nN8UGD0mL._UL1500_.jpg
IS-ST-19-WHITE,https://m.media-amazon.com/images/I/61hAegYRHvL._UL1500_.jpg
IS-ST-20-GREEN,https://m.media-amazon.com/images/I/61JsOfLfL6L._UL1500_.jpg
IS-ST-20-MAROON,https://m.media-amazon.com/images/I/61m9aEg2S0L._UL1500_.jpg
IS-ST-20-MUSTARD,https://m.media-amazon.com/images/I/61kLKXrkGGL._UL1500_.jpg
IS-ST-20-RUST,https://m.media-amazon.com/images/I/71Kf-Z9XZUL._UL1500_.jpg
IS-ST-20-WHITE,https://m.media-amazon.com/images/I/61kIbD8RmhL.jpg
IS-ST-21-GREEN,https://m.media-amazon.com/images/I/7184f4eBBbL._UL1500_.jpg
IS-ST-21-PURPLE,https://m.media-amazon.com/images/I/61c+XrX6W7L._UL1500_.jpg
IS-ST-21-RED,https://m.media-amazon.com/images/I/71DnlElTU5L._UL1500_.jpg
IS-ST-21-RUST,https://m.media-amazon.com/images/I/71OCQykJJqL._UL1500_.jpg
IS-ST-22-BLUE,https://m.media-amazon.com/images/I/71HdzU4jdPL._UL1500_.jpg
IS-ST-22-GREEN,https://m.media-amazon.com/images/I/614ixhUTPNL._UL1500_.jpg
IS-ST-22-MUSTARD,https://m.media-amazon.com/images/I/61Avo+jCyvL._UL1500_.jpg
IS-ST-22-RED,https://m.media-amazon.com/images/I/61bhLYeDTPL._UL1500_.jpg
IS-ST-23-BEIGE-1,https://i.imgur.com/wigbRoL.jpg
IS-ST-23-BEIGE-2,https://i.imgur.com/L4PGpBw.jpg
IS-ST-23-BLUE,https://i.imgur.com/ZMypQNX.jpg
IS-ST-23-GREY-1,https://i.imgur.com/VGvvin0.jpg
IS-ST-23-GREY-2,https://i.imgur.com/pB4MKMg.jpg
IS-ST-23-GREY-3,https://i.imgur.com/hIlCEDn.jpg
IS-ST-23-RED,https://m.media-amazon.com/images/I/61QXrZ1XJNL._UY879_.jpg
IS-ST-24-PURPLE,https://i.imgur.com/zUb5eLU.jpg
IS-ST-24-RED,https://i.imgur.com/Gr6mdM4.jpg
IS-ST-24-YELLOW,https://i.imgur.com/UTMxqWi.jpg
LI-S-01-BROWN,https://m.media-amazon.com/images/I/41MtOJgJz8L.jpg
LI-S-01-BROWN-2,https://m.media-amazon.com/images/I/41MtOJgJz8L.jpg
LI-S-01-RED,https://m.media-amazon.com/images/I/41jSkWymKvL.jpg
LI-S-02-BLACK,https://m.media-amazon.com/images/I/51Q9qq5XEzL.jpg
LI-S-02-GREEN,https://m.media-amazon.com/images/I/51uYHH9ugrL.jpg
LI-S-02-RED,https://m.media-amazon.com/images/I/51R86Su8IoL.jpg
LI-S-03-BEIGE,https://m.media-amazon.com/images/I/41YDzOY8dsL.jpg
LI-S-03-BLACK,https://m.media-amazon.com/images/I/41absWrMl5L.jpg
LI-S-03-BLUE,https://m.media-amazon.com/images/I/51hOUidTcqL.jpg
LI-S-03-PINK,https://m.media-amazon.com/images/I/51LdBXyd9AL.jpg
LI-S-03-RED,https://m.media-amazon.com/images/I/41JU5fj7F+L.jpg
LI-S-04-BEIGE,https://m.media-amazon.com/images/I/41syG3-v6tL.jpg
LI-S-04-BLACK,https://m.media-amazon.com/images/I/41+3kooAr2L.jpg
LI-S-04-PINK,https://m.media-amazon.com/images/I/41+VYwX03UL.jpg
LI-S-04-WHITE,https://m.media-amazon.com/images/I/41X6l0KU0-L.jpg
LI-S-05-BEIGE,No image found
LI-S-05-BLACK,No image found
LI-S-06-BLACK,https://m.media-amazon.com/images/I/41QHraHmUGL.jpg
LI-S-06-RED,https://images-na.ssl-images-amazon.com/images/I/813QFAVJmbL._UL1500_.jpg
LI-S-06-WHITE,https://m.media-amazon.com/images/I/51pY-6UJZPL.jpg
LI-S-07-BEIGE,https://m.media-amazon.com/images/I/41w3HSndgrL.jpg
LI-S-07-BLACK,https://m.media-amazon.com/images/I/410tXoHdPXL.jpg
LI-S-07-BLUE,https://m.media-amazon.com/images/I/41pHJyC1sqL.jpg
LI-S-07-PINK,https://m.media-amazon.com/images/I/51jy8jH0GvL.jpg
LI-S-07-RED,https://m.media-amazon.com/images/I/41fUUGkTsFL.jpg
LI-S-08-BEIGE,https://m.media-amazon.com/images/I/51xv9uRUN3L.jpg
LI-S-08-PINK,https://m.media-amazon.com/images/I/51Nhxc9mqDL.jpg
LI-S-08-RED,https://m.media-amazon.com/images/I/51wPz6CV9OL.jpg
LI-S-08-WHITE,https://m.media-amazon.com/images/I/51yFpkhFlbL.jpg
LI-S-09-BLACK,https://m.media-amazon.com/images/I/81AxsAzB5hL.jpg
LI-S-09-RED,https://m.media-amazon.com/images/I/511RK22iiAL.jpg
LI-S-10-BEIGE,https://m.media-amazon.com/images/I/41HvB53TKcL.jpg
LI-S-10-GREY,https://m.media-amazon.com/images/I/41qUcJrURUL.jpg
LI-S-10-NAVYBLUE,https://i.imgur.com/8xsfyqd.jpg
LI-S-10-PINK,https://m.media-amazon.com/images/I/41mD4fu82JL.jpg
LI-S-11-BLACK,https://m.media-amazon.com/images/I/41LrIWUHAuL.jpg
LI-S-12-BEIGE,https://m.media-amazon.com/images/I/41ahmJUhxvL.jpg
LI-S-12-BLACK,https://m.media-amazon.com/images/I/81-sVXGLqBL.jpg
LI-S-12-PINK,https://m.media-amazon.com/images/I/41+DBO5rqjL.jpg
LI-S-13,PARENT
LI-S-13-BEIGE,https://m.media-amazon.com/images/I/41T4j66Ao2L.jpg
LI-S-13-BLACK,https://m.media-amazon.com/images/I/41E5qfp2vHL.jpg
LI-S-14-BEIGE,https://m.media-amazon.com/images/I/41HMY7UmVzL.jpg
LI-S-14-BLACK,https://m.media-amazon.com/images/I/41pFyBFwkyL.jpg
LI-S-14-PINK,https://m.media-amazon.com/images/I/71j8DEbBgxL.jpg
LI-S-14-RED,https://m.media-amazon.com/images/I/71wpTlxbpTL.jpg
LI-S-14-WHITE,https://m.media-amazon.com/images/I/4183CFj-n4L.jpg
LI-S-15-BEIGE,https://m.media-amazon.com/images/I/41iFPfFvLAL.jpg
LI-S-15-BLUE,https://m.media-amazon.com/images/I/51wh6X87iYL.jpg
LI-S-15-MAROON,https://m.media-amazon.com/images/I/41HdVozooSL.jpg
LI-S-15-RED,https://m.media-amazon.com/images/I/411v4yRM0hL.jpg
LI-S-16-BLACK,https://m.media-amazon.com/images/I/51QTAr19M3L.jpg
LI-S-16-PINK,https://m.media-amazon.com/images/I/41lJJC42ErL.jpg
LI-S-16-RED,https://m.media-amazon.com/images/I/51bWLOrp8LL.jpg
LI-S-16-WHITE,https://m.media-amazon.com/images/I/41If1DYJ3+L.jpg
LI-S-17-BEIGE,https://m.media-amazon.com/images/I/51oUQ8MufxL.jpg
LI-S-17-BLACK,https://m.media-amazon.com/images/I/71RDguiXYWL._UY879_.jpg
LI-S-17-GREY,https://i.imgur.com/pbSiGrW.jpg
LI-S-17-WHITE,https://m.media-amazon.com/images/I/71ZmBzaDheL._UY879_.jpg
LI-S-18-BEIGE,https://m.media-amazon.com/images/I/41wmt2m+6QL.jpg
LI-S-19-BLACK,https://m.media-amazon.com/images/I/81aJDBamFhL.jpg
LI-S-20-M-GREY,https://m.media-amazon.com/images/I/61odGjp3tEL._UL1500_.jpg
LI-S-20-M-LGREY,https://m.media-amazon.com/images/I/61odGjp3tEL._UL1500_.jpg
LI-S-20-M-PINK,https://m.media-amazon.com/images/I/61ZzTG0WzTL._UL1500_.jpg
LI-S-20-M-YELLOW,https://m.media-amazon.com/images/I/61nI360zcZL._UL1500_.jpg
LI-S-21-BEIGE,https://m.media-amazon.com/images/I/71o8+-N8wvL._UL1500_.jpg
LI-S-21-GREY,https://m.media-amazon.com/images/I/71zsKMkABSL._UL1500_.jpg
LI-S-22-MULTI-DARK,https://m.media-amazon.com/images/I/71Pfs6NCXpL._UL1500_.jpg
LI-S-22-MULTI-LIGHT,https://m.media-amazon.com/images/I/71yu6HMkAiL._UL1500_.jpg
LI-S-23-BEIGE,https://m.media-amazon.com/images/I/31WuNeUzkbL.jpg
LI-S-23-BLACK,https://m.media-amazon.com/images/I/619g6a88FLL._UL1500_.jpg
LI-S-23-DPINK,https://i.imgur.com/fyOOGh9.jpg
LI-S-23-MAROON,https://i.imgur.com/uYS5zGL.jpg
LI-S-24-M-BEIGE,https://m.media-amazon.com/images/I/71Wq7CzGdKL._UL1500_.jpg
LI-S-24-M-GREY,https://m.media-amazon.com/images/I/61YSubIVWmL._UL1500_.jpg
LI-S-24-M-NAVYBLUE,https://m.media-amazon.com/images/I/61d98xDFjwL._UL1500_.jpg
LI-S-24-M-PINK,https://m.media-amazon.com/images/I/71FQRAHSaDL._UL1500_.jpg
LI-S-25-M-BEIGE,https://i.imgur.com/1z8EBtd.jpg
LI-S-25-M-GREY,https://m.media-amazon.com/images/I/71Xf84799CL._UL1500_.jpg
LI-S-25-M-NAVYBLUE,https://m.media-amazon.com/images/I/71SWa+wotEL._UL1500_.jpg
LI-S-25-M-PINK,https://m.media-amazon.com/images/I/71jTNB07CdL._UL1500_.jpg
LI-S-25-M-YELLOW,https://m.media-amazon.com/images/I/61SjGA0b99L._UL1500_.jpg
LI-S-26-BLACK,https://i.imgur.com/V6PYirI.jpg
LI-S-26-BROWN,https://i.imgur.com/eZqBKgX.jpg
LI-S-26-MAROON,https://i.imgur.com/ZmOu2TT.jpg
LI-S-26-MUSTARD,https://i.imgur.com/MPhulVt.jpg
LI-S-26-YELLOW,https://i.imgur.com/5u4Vi75.jpg
LI-S-27-BEIGE,https://i.imgur.com/ErBrJUu.jpg
LI-S-27-GREY,https://i.imgur.com/kcswYtN.jpg
LI-S-28-BEIGE,https://i.imgur.com/CDOySYq.jpg
LI-S-28-BROWN,https://i.imgur.com/7RLGVxI.jpg
LI-S-28-NAVYBLUE,https://i.imgur.com/nS5iy3f.jpg
LI-S-28-RED,https://i.imgur.com/F9Yqx68.jpg
LI-S-29-BEIGE,https://i.imgur.com/ziuPcRq.jpg
LI-S-29-GREY,https://i.imgur.com/jJbxOd4.jpg
LI-S-30-BEIGE,https://i.imgur.com/aRe51Wl.jpg
LI-S-30-BLACK,https://i.imgur.com/Knq0fwz.jpg
LI-S-31-M-DGREY,https://i.imgur.com/S1EJthH.jpg
LI-S-31-M-DPINK,https://i.imgur.com/7B6UcDY.jpg
LI-S-31-M-LGREY,https://i.imgur.com/vtfqK4q.jpg
LI-S-31-M-MUSTARD,https://i.imgur.com/RQYIC0F.jpg
LI-S-32-M-BEIGE,https://i.imgur.com/pIKlbDS.jpg
LI-S-32-M-BLACK,https://i.imgur.com/Oz7plQp.jpg
LI-S-32-M-BROWN,https://i.imgur.com/P3EWPYK.jpg
LI-S-32-M-DGREY,https://i.imgur.com/V6Du8rt.jpg
LI-S-32-M-GREEN,https://i.imgur.com/L1OJt3N.jpg
LI-S-32-M-LGREY,https://i.imgur.com/BKY6SjM.jpg
LI-S-32-M-PEACH,https://i.imgur.com/tKOwzff.jpg
LI-ST-01-BEIGE,https://m.media-amazon.com/images/I/61T8edY3AzL.jpg
LI-ST-01-BLACK,https://m.media-amazon.com/images/I/61RGrOqAQtL.jpg
LI-ST-01-BLUE,https://m.media-amazon.com/images/I/51UdkfVGmpL.jpg
LI-ST-01-MAROON,https://m.media-amazon.com/images/I/41pZAhYDFnL.jpg
LI-ST-01-RED,https://m.media-amazon.com/images/I/51sdjA3GT4L.jpg
LI-ST-02-BEIGE,https://m.media-amazon.com/images/I/41TYKOzlNYL.jpg
LI-ST-02-BLACK,https://m.media-amazon.com/images/I/41jSWULtzhL.jpg
LI-ST-02-MAROON,https://m.media-amazon.com/images/I/51vZRXOWBQL.jpg
LI-ST-02-PINK,https://m.media-amazon.com/images/I/41ivYWCsNYL.jpg
LI-ST-02-RED,https://m.media-amazon.com/images/I/51vZRXOWBQL.jpg
LI-ST-02-YELLOW,https://m.media-amazon.com/images/I/51419h3EurL.jpg
LI-ST-03-BLACK,https://m.media-amazon.com/images/I/51iScbgdAZL.jpg
LI-ST-03-PEACH,https://m.media-amazon.com/images/I/51bLHhehjkL.jpg
LI-ST-03-PINK,https://m.media-amazon.com/images/I/51e-tOFAkUL.jpg
LI-ST-03-RED,https://m.media-amazon.com/images/I/41DSgcc6K7L.jpg
LI-ST-03-WHITE,https://m.media-amazon.com/images/I/518mtdjTvrL.jpg
LI-ST-03-YELLOW,https://m.media-amazon.com/images/I/41-J8QXApHL.jpg
LI-ST-04-BEIGE,https://m.media-amazon.com/images/I/41sXFfrJW1L.jpg
LI-ST-04-BLACK,https://m.media-amazon.com/images/I/41zJRBTL4UL.jpg
LI-ST-04-RED,https://m.media-amazon.com/images/I/41s566Hx4wL.jpg
LI-ST-05-MAROON,https://m.media-amazon.com/images/I/51d1y6Pa6vL.jpg
LI-ST-05-RED,https://m.media-amazon.com/images/I/51sufDArErL.jpg
LI-ST-06-BEIGE,https://m.media-amazon.com/images/I/41SQ9j-PqTL.jpg
LI-ST-06-BLACK,https://m.media-amazon.com/images/I/41XUHVO7BRL.jpg
LI-ST-06-RED,https://i.imgur.com/u6qPLet.jpg
LI-ST-06-WHITE,https://i.imgur.com/zRrrvRe.jpg
LI-ST-07,PARENT
LI-ST-07-BLACK,https://m.media-amazon.com/images/I/41+wnZX5UcL.jpg
LI-ST-07-RED,https://m.media-amazon.com/images/I/41Urk0VF1EL.jpg
LI-ST-08-BLACK,https://m.media-amazon.com/images/I/71ic5RtP5mL.jpg
LI-ST-08-RED,https://m.media-amazon.com/images/I/41ofwjQGSBL.jpg
LI-ST-09-BLACK,https://m.media-amazon.com/images/I/41q9Ps2JisL.jpg
LI-ST-09-MAROON,https://m.media-amazon.com/images/I/41TcI4qn-KL.jpg
LI-ST-10-BEIGE,https://images-na.ssl-images-amazon.com/images/I/71YEUrbeiiL._UL1500_.jpg
LI-ST-10-BLACK,https://m.media-amazon.com/images/I/41g3EGtqBVL.jpg
LI-ST-10-RED,https://images-na.ssl-images-amazon.com/images/I/71imOUx50pL._UL1500_.jpg
LI-ST-11-BEIGE,https://images-na.ssl-images-amazon.com/images/I/61RqNeb-U3L._UL1500_.jpg
LI-ST-11-BLACK,https://images-na.ssl-images-amazon.com/images/I/71ckvccCUSL._UL1500_.jpg
LI-ST-11-PINK,https://m.media-amazon.com/images/I/41PX9NgquRL.jpg
LI-ST-11-RED,https://i.imgur.com/PDHAKQO.jpg
LI-ST-12-BEIGE,https://m.media-amazon.com/images/I/51OgIApWoDL.jpg
LI-ST-12-BLACK,https://m.media-amazon.com/images/I/51jABb90O6L.jpg
LI-ST-12-PINK,https://m.media-amazon.com/images/I/41ZBcku3RjL.jpg
LI-ST-12-RED,https://images-na.ssl-images-amazon.com/images/I/71K7QKKQS3L._UL1500_.jpg
LI-ST-14-BEIGE,https://m.media-amazon.com/images/I/418irXCCoFL.jpg
LI-ST-14-BLACK,https://m.media-amazon.com/images/I/41qN3DaaZmL.jpg
LI-ST-14-RED,https://m.media-amazon.com/images/I/41ntdqv14fL.jpg
LI-ST-15-BEIGE,https://m.media-amazon.com/images/I/414iW72QRbL.jpg
LI-ST-15-BLACK,https://m.media-amazon.com/images/I/31bhOuYeNaL.jpg
LI-ST-15-MAROON,https://m.media-amazon.com/images/I/413eM-S9a8L.jpg
LI-ST-15-NAVYBLUE,https://m.media-amazon.com/images/I/31h7CKeIyyL.jpg
LI-ST-15-PINK,https://m.media-amazon.com/images/I/41wSpkuy9BL.jpg
LI-ST-15-WHITE,https://m.media-amazon.com/images/I/31oh-eziVZL.jpg
LI-ST-15-YELLOW,https://m.media-amazon.com/images/I/41kzWPBmLxL.jpg
LI-ST-16-BEIGE,https://m.media-amazon.com/images/I/41J77MZcLrL.jpg
LI-ST-16-BLACK,https://i.imgur.com/S4AX6wK.jpg
LI-ST-16-DPINK,https://m.media-amazon.com/images/I/419gXCJMWOL.jpg
LI-ST-16-RED,https://m.media-amazon.com/images/I/41o+ojs518L.jpg
LI-ST-16-YELLOW,https://i.imgur.com/dUvZmCV.jpg
LI-ST-17-BEIGE,https://m.media-amazon.com/images/I/41QWghqHczL.jpg
LI-ST-17-BLACK,https://m.media-amazon.com/images/I/31K2uMbkPoL.jpg
LI-ST-17-DPINK,https://m.media-amazon.com/images/I/41YJ9VIkm9L.jpg
LI-ST-17-MAROON,https://m.media-amazon.com/images/I/412tjKpE+NL.jpg
LI-ST-17-PINK,https://m.media-amazon.com/images/I/41K9NpfgzdL.jpg
LI-ST-17-YELLOW,https://m.media-amazon.com/images/I/41F84jdWtFL.jpg
LI-ST-18-M-BEIGE,https://m.media-amazon.com/images/I/417yva3vrJL.jpg
LI-ST-18-M-GREY,"https://assets.myntassets.com/h_1440,q_90,w_1080/v1/assets/images/15657472/2021/9/28/3fc73a59-7135-4c81-b673-6e80fb56544b1632829945015WomenGreyPureWoolNalkiEmbroideredShawlWoolmarkCertified1.jpg"
LI-ST-18-M-LGREY,https://m.media-amazon.com/images/I/41Sy2-l6FGL.jpg
LI-ST-18-M-LPINK,https://m.media-amazon.com/images/I/41XbJyis6tL.jpg
LI-ST-18-M-NAVYBLUE,https://m.media-amazon.com/images/I/41+Y017b0RL.jpg
LI-ST-18-M-PINK,https://m.media-amazon.com/images/I/417xBgQF0NL.jpg
LI-ST-18-M-YELLOW,https://m.media-amazon.com/images/I/41MpbwADVuL.jpg
LI-ST-19-BLACK,https://m.media-amazon.com/images/I/411FqeuEQxL.jpg
LI-ST-19-DPINK,https://m.media-amazon.com/images/I/41t0qgKM3EL.jpg
LI-ST-19-RED,https://m.media-amazon.com/images/I/41m8A0619RL.jpg
LI-ST-20-BEIGE,https://m.media-amazon.com/images/I/71x6LDMLSpL._UL1500_.jpg
LI-ST-20-BLACK,https://m.media-amazon.com/images/I/41trv+64jSL.jpg
LI-ST-20-DPINK,https://m.media-amazon.com/images/I/41Zwbwn9QHL.jpg
LI-ST-20-RED,https://m.media-amazon.com/images/I/41ukFltQhgL.jpg
LI-ST-20-YELLOW,https://m.media-amazon.com/images/I/41CZroHUVFL.jpg
LI-ST-21-BEIGE,https://m.media-amazon.com/images/I/41S3OrmmlCL.jpg
LI-ST-21-BLACK,https://m.media-amazon.com/images/I/412x7NjJ2lL.jpg
LI-ST-21-PINK,https://m.media-amazon.com/images/I/41rca0SDFqL.jpg
LI-ST-21-RED,https://m.media-amazon.com/images/I/41DwINuBeCL.jpg
LI-ST-22-M-BEIGE,https://m.media-amazon.com/images/I/41iyjZkqtqL.jpg
LI-ST-22-M-GREY,https://m.media-amazon.com/images/I/41mgpgC0MsL.jpg
LI-ST-22-M-LGREY,https://m.media-amazon.com/images/I/41AdlQFTLfL.jpg
LI-ST-22-M-LPINK,https://m.media-amazon.com/images/I/41FVOast4aL.jpg
LI-ST-22-M-MAROON,https://m.media-amazon.com/images/I/41HzzcqYtcL.jpg
LI-ST-22-M-NAVYBLUE,https://m.media-amazon.com/images/I/41o1TlU1vBL.jpg
LI-ST-22-M-PINK,https://m.media-amazon.com/images/I/41eOp+BSiDL.jpg
LI-ST-22-M-RED,https://m.media-amazon.com/images/I/4141UUjOwKL.jpg
LI-ST-22-M-YELLOW,https://m.media-amazon.com/images/I/41-65R+pr2L.jpg
LI-ST-23-BEIGE,https://m.media-amazon.com/images/I/71YU1mBvHJL._UL1500_.jpg
LI-ST-23-BLACK,https://m.media-amazon.com/images/I/71FLBI8XQ2L._UL1500_.jpg
LI-ST-23-GREY,https://m.media-amazon.com/images/I/71Jk5BJC0DL._UL1500_.jpg
LI-ST-23-WHITE,https://m.media-amazon.com/images/I/717vfcGhlzL._UL1500_.jpg
LI-ST-24-BEIGE,https://i.imgur.com/oNrciqI.jpg
LI-ST-24-BLACK,https://i.imgur.com/5P0MT3n.jpg
LI-ST-24-WHITE,https://i.imgur.com/6omh70t.jpg
LI-ST-25-BEIGE,https://i.imgur.com/nYuXWhb.jpg
LI-ST-25-BLACK,https://i.imgur.com/0BJe9qF.jpg
LI-ST-25-WHITE,https://i.imgur.com/Rf22F1k.jpg
LI-ST-26-PINK,https://m.media-amazon.com/images/I/715gwLIXSKL._UY879_.jpg
LI-ST-27-LPINK,https://m.media-amazon.com/images/I/71XemMVVIAL._UY879_.jpg
LI-ST-27-M-LGREY,https://m.media-amazon.com/images/I/61Pg01Q67hL._UY879_.jpg
LI-ST-27-M-NAVYBLUE,https://m.media-amazon.com/images/I/71m0UIMRyJL._UY879_.jpg
LI-ST-27-M-PINK,https://m.media-amazon.com/images/I/61TANyc5-6L._UY879_.jpg
LI-ST-27-RED,https://m.media-amazon.com/images/I/61XtXJytxAL._UY879_.jpg
LI-ST-28-M-BEIGE-1,https://m.media-amazon.com/images/I/61ZJeJYGIyL._UY879_.jpg
LI-ST-28-M-BEIGE-2,https://i.imgur.com/djyJfHX.jpg
LI-ST-28-M-GREY,https://m.media-amazon.com/images/I/719Lohp02DL._UY879_.jpg
LI-ST-28-M-LPINK,https://m.media-amazon.com/images/I/71uhv9lD1rL._UY879_.jpg
LI-ST-28-M-NAVYBLUE,https://m.media-amazon.com/images/I/71e82uLewJL._UY879_.jpg
LI-ST-28-M-PINK,https://m.media-amazon.com/images/I/71SvNeReexL._UY879_.jpg
LI-ST-28-M-YELLOW,https://m.media-amazon.com/images/I/61oXp1JkWwL._UY879_.jpg
LI-ST-29-BLACK,https://i.imgur.com/7gSV6TB.jpg
LI-ST-29-BROWN,https://i.imgur.com/ZZzWH2n.jpg
LI-ST-29-ORANGE,https://i.imgur.com/Qysx4wF.jpg
LI-ST-29-RED,https://i.imgur.com/mBAtqEf.jpg
LI-ST-30-BLACK,https://i.imgur.com/SJIiZzM.jpg
LI-ST-30-BROWN,https://i.imgur.com/Q6Fxd37.jpg
LI-ST-30-MAROON,https://i.imgur.com/5nrYV0J.jpg
LI-ST-30-MAUVE,https://i.imgur.com/UBkcBqC.jpg
LI-ST-31-BLACK,https://i.imgur.com/Xnr3WmZ.jpg
LI-ST-31-BROWN,https://i.imgur.com/HDvEhr2.jpg
LI-ST-31-MAROON,https://i.imgur.com/W5ZfA8S.jpg
LI-ST-32-BLACK,https://i.imgur.com/2yW5QbJ.jpg
LI-ST-32-BROWN,https://i.imgur.com/a5zijJC.jpg
LI-ST-32-NAVYBLUE,https://i.imgur.com/XX1QiCh.jpg
LI-ST-32-PURPLE,https://i.imgur.com/W9DNWbJ.jpg
LI-ST-32-WHITE,https://i.imgur.com/xDocJaw.jpg
LI-ST-33-M-DBEIGE,https://i.imgur.com/6ts1lJ9.jpg
LI-ST-33-M-GREY,https://i.imgur.com/VcJJMEk.jpg
LI-ST-33-M-LBEIGE,https://i.imgur.com/OmMuA2k.jpg
LI-ST-33-M-LGREY,https://i.imgur.com/FDEkjE7.jpg
LI-ST-33-M-LPINK,https://i.imgur.com/ICu4H1d.jpg
LI-ST-33-M-MAROON,https://i.imgur.com/TdLJ3n0.jpg
LI-ST-33-M-PINK,https://i.imgur.com/uuIfxIj.jpg
LI-ST-34-M-DBEIGE,https://i.imgur.com/oT2ihyq.jpg
LI-ST-34-M-GREY,https://i.imgur.com/FDzXNMr.jpg
LI-ST-34-M-LGREY,https://i.imgur.com/H9zfavh.jpg
LI-ST-34-M-MAROON,https://i.imgur.com/bb3zUCi.jpg
LI-ST-34-M-PINK,https://i.imgur.com/wstueMw.jpg
LI-ST-34-M-YELLOW,https://i.imgur.com/qXMEe5p.jpg
LI-ST-35-M-BEIGE,https://i.imgur.com/8GZ0cna.jpg
LI-ST-35-M-BLACK,https://i.imgur.com/vA28ZOY.jpg
LI-ST-35-M-GREEN,https://i.imgur.com/ZjN2hDq.jpg
LI-ST-35-M-LGREY,https://i.imgur.com/JLYOWQ7.jpg
LI-ST-35-M-MAROON,https://i.imgur.com/qDaXBfo.jpg
LI-ST-35-M-MUSTARD,https://i.imgur.com/rls9Ju6.jpg
LI-ST-35-M-PEACH,https://i.imgur.com/2JIlOzE.jpg
LI-ST-36-M-DPINK,https://i.imgur.com/Wz9Rq5y.jpg
LI-ST-36-M-GREEN,https://i.imgur.com/wPOBGeF.jpg
LI-ST-36-M-LGREY,https://i.imgur.com/QqeP7Jr.jpg
LI-ST-36-M-MAROON,https://i.imgur.com/jepU1hK.jpg
LI-ST-36-M-MUSTARD,https://i.imgur.com/nRdkK9t.jpg
LI-ST-36-M-NAVYBLUE,https://i.imgur.com/0gSZhoB.jpg
LI-ST-37-M-BEIGE,https://i.imgur.com/wih36Oi.jpg
LI-ST-37-M-BLACK,https://i.imgur.com/HKMJg5U.jpg
LI-ST-37-M-DPINK,https://i.imgur.com/DKeCTa0.jpg
LI-ST-37-M-LGREY,https://i.imgur.com/uU8zLl3.jpg
LI-ST-37-M-LPINK,https://i.imgur.com/1uGQZeK.jpg
LI-ST-37-M-MAROON,https://i.imgur.com/KUGI2hH.jpg
LI-ST-37-M-YELLOW,https://i.imgur.com/wQMZWaO.jpg
LI-ST-38-M-BEIGE,https://i.imgur.com/T6RHdHC.jpg
LI-ST-38-M-BLACK,https://i.imgur.com/lt7v5LA.jpg
LI-ST-38-M-LGREY,https://i.imgur.com/RyAZWpD.jpg
LI-ST-38-M-LPINK,https://i.imgur.com/25ksA6Y.jpg
LI-ST-38-M-MAROON,https://i.imgur.com/5M9EJTK.jpg
LI-ST-38-M-NAVYBLUE,https://i.imgur.com/hUerZis.jpg
LI-ST-38-M-RED,https://i.imgur.com/GeMumaq.jpg
LI-ST-38-M-YELLOW,https://i.imgur.com/tL0LCgt.jpg
M-S-01-BEIGE,https://m.media-amazon.com/images/I/6127P+pJnUL._UY741_.jpg
M-S-01-BLACK,https://m.media-amazon.com/images/I/71X76w27v+L._UL1500_.jpg
M-S-02-BEIGE-1,https://m.media-amazon.com/images/I/61l3RnJyRLL._UL1500_.jpg
M-S-02-BEIGE-2,https://m.media-amazon.com/images/I/51x-xLG607L._UL1500_.jpg
M-S-02-BEIGE-3,https://m.media-amazon.com/images/I/51BuazY5i8L._UL1500_.jpg
M-S-02-WHITE,https://m.media-amazon.com/images/I/51YnqtTQwrL._UL1500_.jpg
M-S-03-BEIGE-1,https://m.media-amazon.com/images/I/3140y6EH-mL.jpg
M-S-03-BEIGE-2,https://m.media-amazon.com/images/I/31HAgWphGxL.jpg
M-S-03-BEIGE-3,https://m.media-amazon.com/images/I/31HWvUr8YdL.jpg
M-S-03-WHITE,https://m.media-amazon.com/images/I/51e3Occ9q2L._UL1500_.jpg
M-S-04-BEIGE-1,https://m.media-amazon.com/images/I/611kNqcGL2L._UL1500_.jpg
M-S-04-BEIGE-2,https://m.media-amazon.com/images/I/617h06s7s5L._UL1500_.jpg
M-S-05-BEIGE-1,https://m.media-amazon.com/images/I/51Iis73mjqL._UL1500_.jpg
M-S-05-BEIGE-2,https://m.media-amazon.com/images/I/51Iis73mjqL._UL1500_.jpg
M-S-05-BLACK,https://i.imgur.com/bL6Nb3j.jpg
M-S-06-BEIGE-1,https://m.media-amazon.com/images/I/51lz2Fj8OtL._UL1500_.jpg
M-S-06-BEIGE-2,https://m.media-amazon.com/images/I/51ENyQ4I-3L._UL1500_.jpg
M-S-07-BEIGE-1,https://m.media-amazon.com/images/I/615KJDDKGiL._UL1500_.jpg
M-S-07-BEIGE-2,https://m.media-amazon.com/images/I/61n5gMhSi7L._UL1500_.jpg
M-S-07-BLACK,https://m.media-amazon.com/images/I/615KJDDKGiL._UL1500_.jpg
M-S-07-WHITE,https://m.media-amazon.com/images/I/51UBnPbxRFL._UL1500_.jpg
MIS-ST-23-BEIGE-1,https://m.media-amazon.com/images/I/71JKL4jIKTL._UL1500_.jpg
MIS-ST-23-BEIGE-2,https://m.media-amazon.com/images/I/71bejPt9NDL._UL1500_.jpg
MIS-ST-23-BLUE,https://m.media-amazon.com/images/I/71jDvF5ye6L._UL1500_.jpg
MIS-ST-23-GREY-1,https://m.media-amazon.com/images/I/71iKxRmyYQL._UL1500_.jpg
MIS-ST-23-GREY-2,https://m.media-amazon.com/images/I/61Bqzx77D4L._UL1500_.jpg
MIS-ST-23-GREY-3,https://m.media-amazon.com/images/I/71FaLJGMuZL._UL1500_.jpg
MLI-S-26-MAROON,
NEW-K-1-BLACK,
PARENT-YELLOW,PARENT
RS-S-01-BLACK,https://m.media-amazon.com/images/I/41lZ-LcGjlL.jpg
RS-S-01-BROWN,https://m.media-amazon.com/images/I/41BQCrGozhL.jpg
RS-S-01-GREEN,https://m.media-amazon.com/images/I/41xVPqQlS9L.jpg
RS-S-01-NAVYBLUE,No image found
RS-S-01-ORANGE,https://m.media-amazon.com/images/I/41WDDPaBLYL.jpg
RS-S-01-RED,https://m.media-amazon.com/images/I/419SsNnEcSL.jpg
RS-S-02-BLACK,https://m.media-amazon.com/images/I/415ryBPyNiL.jpg
RS-S-02-RED,https://images-na.ssl-images-amazon.com/images/I/81KkHB1TKhL._UL1500_.jpg
RS-S-03-BEIGE,https://m.media-amazon.com/images/I/41Up6Armr3L.jpg
RS-S-03-BLACK,https://m.media-amazon.com/images/I/51ROyevfQPL.jpg
RS-S-03-WHITE,https://m.media-amazon.com/images/I/410QNfbxnIL.jpg
RS-S-03-YELLOW,https://m.media-amazon.com/images/I/4146EeJjvlL.jpg
RS-S-04-BEIGE,https://m.media-amazon.com/images/I/41Vs8DgYF8L.jpg
RS-S-04-BLACK,https://m.media-amazon.com/images/I/41SVFx8X0yL.jpg
RS-S-04-BLUE,https://m.media-amazon.com/images/I/61UcXPJi60L.jpg
RS-S-04-PINK,https://images-na.ssl-images-amazon.com/images/I/81Dr%2BQf3NHL._UL1500_.jpg
RS-S-04-RED,https://m.media-amazon.com/images/I/415ZB4Zz-CL.jpg
RS-S-04-SPINK,https://m.media-amazon.com/images/I/91h7f2mS4bL.jpg
RS-S-04-WHITE,https://m.media-amazon.com/images/I/51+oH5PD6+L.jpg
RS-S-05-BROWN,https://m.media-amazon.com/images/I/413dgzmCWDL.jpg
RS-S-05-MAROON,https://m.media-amazon.com/images/I/31GHlhzY1vL.jpg
RS-S-06-BLACK,https://m.media-amazon.com/images/I/91h4HbDPsuL.jpg
RS-S-06-RED,https://m.media-amazon.com/images/I/41NQonjZcKL.jpg
RS-S-06-WHITE,https://m.media-amazon.com/images/I/31amjCuzlyL.jpg
RS-S-07-BROWN,https://m.media-amazon.com/images/I/71ibo0TbCAL.jpg
RS-S-07-RED,https://m.media-amazon.com/images/I/91okF4S5GoL.jpg
RS-S-08-BEIGE,https://m.media-amazon.com/images/I/410r6P9hwJL.jpg
RS-S-08-BLACK,https://m.media-amazon.com/images/I/41Qo1FUnUDL.jpg
RS-S-08-PINK,https://m.media-amazon.com/images/I/41uBAXef7UL.jpg
RS-S-08-RED,https://m.media-amazon.com/images/I/91JF0SsJKBL.jpg
RS-S-09-GREY,https://m.media-amazon.com/images/I/41jmyLYJVGL.jpg
RS-S-09-RED,https://m.media-amazon.com/images/I/41YmIM4kK5L.jpg
RS-S-10-NAVYBLUE,https://m.media-amazon.com/images/I/51gSklXvnfL.jpg
RS-S-10-RED,https://i.imgur.com/Kfv2Wuk.jpg
RS-S-10-WHITE,https://m.media-amazon.com/images/I/41YGQDLmqzL.jpg
RS-S-11-BEIGE,https://m.media-amazon.com/images/I/41j+Me-uScL.jpg
RS-S-11-BLACK,https://m.media-amazon.com/images/I/5152H+zaKjL.jpg
RS-S-11-YELLOW,https://m.media-amazon.com/images/I/41-SoPdSGUL.jpg
RS-S-12-BEIGE,https://m.media-amazon.com/images/I/41kA2gJX9bL.jpg
RS-S-12-BLUE,https://m.media-amazon.com/images/I/41wijVDKHXL.jpg
RS-S-12-PEACH,https://m.media-amazon.com/images/I/41TamcJx-mL.jpg
RS-S-12-WHITE,https://m.media-amazon.com/images/I/41wUpUbKGWL.jpg
RS-S-14-BEIGE,https://m.media-amazon.com/images/I/41cnx7NloML.jpg
RS-S-14-WHITE,https://m.media-amazon.com/images/I/41D8GM1P6TL.jpg
RS-S-15-BEIGE,https://m.media-amazon.com/images/I/41Mekx3SnPL.jpg
RS-S-15-PEACH,https://m.media-amazon.com/images/I/41615QOQJuL.jpg
RS-S-15-WHITE,https://m.media-amazon.com/images/I/41O3xxV92VL.jpg
RS-S-16-BEIGE,https://images-na.ssl-images-amazon.com/images/I/71A8frFRc7L._UL1500_.jpg
RS-S-16-BLACK,https://m.media-amazon.com/images/I/41HXjyVr6aL.jpg
RS-S-16-YELLOW,https://images-na.ssl-images-amazon.com/images/I/71kgWuoVjPL._UL1500_.jpg
RS-S-17-BEIGE,https://images-na.ssl-images-amazon.com/images/I/715prueBNwL._UL1500_.jpg
RS-S-17-RED,https://images-na.ssl-images-amazon.com/images/I/71R464YCtoL._UL1500_.jpg
RS-S-17-YELLOW,https://images-na.ssl-images-amazon.com/images/I/71gUZ36-EzL._UL1500_.jpg
RS-S-18-BLACK,https://images-na.ssl-images-amazon.com/images/I/71kfnuUaDFL._UL1500_.jpg
RS-S-18-PINK,https://images-na.ssl-images-amazon.com/images/I/81MGkgELtoL._UX679_.jpg
RS-S-19-BEIGE,https://images-na.ssl-images-amazon.com/images/I/71e2akX%2BOQL._UL1500_.jpg
RS-S-19-PINK,https://m.media-amazon.com/images/I/41HqsgG8GyL.jpg
RS-S-19-RED,https://images-na.ssl-images-amazon.com/images/I/71sgxBP9HfL._UL1500_.jpg
RS-S-20-BEIGE,https://m.media-amazon.com/images/I/71fLsz5x2JL._UL1500_.jpg
RS-S-20-BLACK,https://m.media-amazon.com/images/I/71JtFk7r37L._UL1500_.jpg
RS-S-20-PEACH,https://m.media-amazon.com/images/I/71QWD-j3CXL._UL1500_.jpg
RS-S-20-PINK,https://m.media-amazon.com/images/I/71f2Lx6SqFL._UL1500_.jpg
RS-S-20-WHITE,https://m.media-amazon.com/images/I/71Vy3C1TuLL._UL1500_.jpg
RS-S-21-BEIGE,https://m.media-amazon.com/images/I/71HRaUS2fdL._UL1500_.jpg
RS-S-21-BLACK,https://m.media-amazon.com/images/I/71SfkCyNXqL._UL1500_.jpg
RS-S-21-PEACH,https://m.media-amazon.com/images/I/71tPCKCDGmL._UL1500_.jpg
RS-S-21-PINK,https://m.media-amazon.com/images/I/71jkUkp40LL._UL1500_.jpg
RS-S-21-RED,https://m.media-amazon.com/images/I/71SzqiHz+WL._UL1500_.jpg
RS-S-21-WHITE,https://m.media-amazon.com/images/I/71pm6wpU4sL._UL1500_.jpg
RS-S-22-BEIGE,https://m.media-amazon.com/images/I/71ol8tLQ9uL._UL1500_.jpg
RS-S-22-BLACK,https://m.media-amazon.com/images/I/71Q1Ty3yD1L._UL1500_.jpg
RS-S-22-PINK,https://m.media-amazon.com/images/I/71HukvzD1BL._UL1500_.jpg
RS-S-22-YELLOW,https://m.media-amazon.com/images/I/71zBpNOHaJL._UL1500_.jpg
RS-S-23-BEIGE,https://m.media-amazon.com/images/I/711UGsX578L._UY879_.jpg
RS-S-23-BLACK,https://m.media-amazon.com/images/I/41vwXX4UetL.jpg
RS-S-23-PEACH,https://m.media-amazon.com/images/I/711-eD+hipL._UL1500_.jpg
RS-S-23-PINK,https://m.media-amazon.com/images/I/41JiKvRRzFL.jpg
RS-S-23-RED,https://m.media-amazon.com/images/I/41W5dtgwjTL.jpg
RS-S-23-WHITE,https://m.media-amazon.com/images/I/417gDtyLNtL.jpg
RS-S-23-YELLOW,https://m.media-amazon.com/images/I/41w8NH9xScL.jpg
RS-S-24-BEIGE-1,https://m.media-amazon.com/images/I/71gQ62xoaOL._UL1500_.jpg
RS-S-24-BEIGE-2,https://m.media-amazon.com/images/I/711OZEDxgtL._UL1500_.jpg
RS-S-24-BLACK,https://m.media-amazon.com/images/I/61w5PxOn2VL._UL1500_.jpg
RS-S-24-DPINK,https://m.media-amazon.com/images/I/61PTBgMg0CL._UL1500_.jpg
RS-S-24-GREY,https://m.media-amazon.com/images/I/61MJEqJN3TL._UL1500_.jpg
RS-S-24-LGREY,https://m.media-amazon.com/images/I/710YzaDn14L._UL1500_.jpg
RS-S-24-MAUVE-1,https://m.media-amazon.com/images/I/71dErhKrH7L._UL1500_.jpg
RS-S-24-MAUVE-2,https://m.media-amazon.com/images/I/71kAB4bFeIL._UL1500_.jpg
RS-S-24-PINK,https://m.media-amazon.com/images/I/71WLw-u-BqL._UL1500_.jpg
RS-S-24-RED,https://m.media-amazon.com/images/I/71GRNza7-mL._UL1500_.jpg
RS-S-24-YELLOW,https://m.media-amazon.com/images/I/616bvjxeOqL._UL1500_.jpg
RS-S-26-WHITE,https://i.imgur.com/ZtnzYaP.jpg
RS-S-27-BLACK,https://i.imgur.com/gfe3xuX.jpg
RS-S-27-DBEIGE,https://i.imgur.com/QmJwBAL.jpg
RS-S-28-M-BEIGE-1,https://i.imgur.com/jFEH1gd.jpg
RS-S-28-M-BEIGE-2,https://i.imgur.com/RmR8t6H.jpg
RS-S-28-M-GREEN,https://i.imgur.com/eRf9YY9.jpg
RS-S-28-M-MAROON,https://i.imgur.com/cifkZSc.jpg
RS-S-28-M-MUSTARD,https://i.imgur.com/UfIfgoY.jpg
RS-S-28-M-PEACH,https://i.imgur.com/cgZWr9X.jpg
RS-S-29-M-BLACK,https://i.imgur.com/vjL8bpg.jpg
RS-S-29-M-GREEN,https://i.imgur.com/VfgtW3B.jpg
RS-S-29-M-LGREY,https://i.imgur.com/WSzmZXY.jpg
RS-S-29-M-MAROON,https://i.imgur.com/OiD6ksu.jpg
RS-S-29-M-MUSTARD,https://i.imgur.com/HYCVFBF.jpg
RS-S-29-M-PEACH,https://i.imgur.com/36f5son.jpg
RS-S-29-M-YELLOW,https://i.imgur.com/lZfWFjS.jpg
RS-S-30-BEIGE,https://i.imgur.com/Sf5JKUU.jpg
RS-S-30-BLACK,https://i.imgur.com/VqiEbRj.jpg
RS-S-30-MAROON,https://i.imgur.com/4xqC6q6.jpg
RS-S-30-MUSTARD,https://i.imgur.com/hX2RznL.jpg
RS-S-30-WHITE,https://i.imgur.com/QDECp9c.jpg
RS-ST-01-BLACK,https://m.media-amazon.com/images/I/41x-sWSvD-L.jpg
RS-ST-01-PINK,https://m.media-amazon.com/images/I/41XJiQfpzuL.jpg
RS-ST-01-RED,https://m.media-amazon.com/images/I/41X3mWljaGL.jpg
RS-ST-01-YELLOW,https://m.media-amazon.com/images/I/51HB16BO7oL.jpg
RS-ST-02-GREEN,https://i.imgur.com/qw8SA6p.jpg
RS-ST-02-GREY,https://i.imgur.com/AYs5S8q.jpg
RS-ST-02-PINK,https://i.imgur.com/8cxfPOV.jpg
RS-ST-02-PURPLE,https://i.imgur.com/Ka11ydl.jpg
RS-ST-02-RED,https://i.imgur.com/qvCJzYa.jpg
RS-ST-03-BEIGE,https://m.media-amazon.com/images/I/41VGUe+d1zL.jpg
RS-ST-03-BLACK,https://m.media-amazon.com/images/I/41kVTHbHEPL.jpg
RS-ST-03-PEACH,https://m.media-amazon.com/images/I/41IsT-w07tL.jpg
RS-ST-03-WHITE,https://m.media-amazon.com/images/I/51i9qcbdJ9L.jpg
RS-ST-04-BLUE,https://i.imgur.com/gkiBmxv.jpg
RS-ST-04-BROWN,https://i.imgur.com/Fto44Ae.jpg
RS-ST-04-GREEN,https://i.imgur.com/C4I6yWG.jpg
RS-ST-04-MAROON,https://i.imgur.com/2mxEVYA.jpg
RS-ST-04-RED,https://i.imgur.com/oxp0jvM.jpg
RS-ST-05-GREY,https://m.media-amazon.com/images/I/41Eu5AJMGxL.jpg
RS-ST-05-PINK,https://m.media-amazon.com/images/I/41373fMe+iL.jpg
RS-ST-06-BLUE,https://m.media-amazon.com/images/I/41MuWzbieNL.jpg
RS-ST-06-GREY,https://m.media-amazon.com/images/I/41mZy191YbL.jpg
RS-ST-06-RED,https://m.media-amazon.com/images/I/41tLzXWRtiL.jpg
RS-ST-07-PINK,https://i.imgur.com/XHHA81s.jpg
RS-ST-07-RED,https://i.imgur.com/DzZmoSu.jpg
RS-ST-08-BLACK,https://m.media-amazon.com/images/I/51BWcOeGy5L.jpg
RS-ST-08-BROWN,https://m.media-amazon.com/images/I/41RAK5qLroL.jpg
RS-ST-08-PINK,https://m.media-amazon.com/images/I/418UfNXtvUL.jpg
RS-ST-08-RED,https://m.media-amazon.com/images/I/41runFvP9qL.jpg
RS-ST-09-BEIGE,https://images-na.ssl-images-amazon.com/images/I/71smVn4oAyL._UL1500_.jpg
RS-ST-09-BLACK,https://images-na.ssl-images-amazon.com/images/I/71OFYdgptRL._UL1500_.jpg
RS-ST-09-BROWN,https://images-na.ssl-images-amazon.com/images/I/71c2CaTZsIL._UL1500_.jpg
RS-ST-09-CRED,https://images-na.ssl-images-amazon.com/images/I/7199DNqGcHL._UL1500_.jpg
RS-ST-09-MUSTARD,https://m.media-amazon.com/images/I/41jshiGB8tL.jpg
RS-ST-09-NAVYBLUE,No image found
RS-ST-09-PINK,https://images-na.ssl-images-amazon.com/images/I/71qDH4gmweL._UL1500_.jpg
RS-ST-09-SRED,https://images-na.ssl-images-amazon.com/images/I/71aLkbzIKyL._UL1500_.jpg
RS-ST-09-VIOLET,https://m.media-amazon.com/images/I/41K5aJr60YL.jpg
RS-ST-10-BEIGE,https://m.media-amazon.com/images/I/414UNRL+eGL.jpg
RS-ST-10-WHITE,https://m.media-amazon.com/images/I/711YN6BPlNL.jpg
RS-ST-11-BEIGE,https://m.media-amazon.com/images/I/41PjPT3T8UL.jpg
RS-ST-11-WHITE,https://m.media-amazon.com/images/I/410Sf1x-XgL.jpg
RS-ST-12-BLUE,https://m.media-amazon.com/images/I/71a-51llPTL.jpg
RS-ST-12-WHITE,https://m.media-amazon.com/images/I/41imNT1h2DL.jpg
RS-ST-13-BLACK,https://images-na.ssl-images-amazon.com/images/I/71KLC6yNlkL._UL1500_.jpg
RS-ST-13-RED,https://images-na.ssl-images-amazon.com/images/I/71eP7fbbqFL._UL1500_.jpg
RS-ST-14-BEIGE,https://m.media-amazon.com/images/I/41DorScEwAL.jpg
RS-ST-14-BLACK,https://images-na.ssl-images-amazon.com/images/I/51oyoD45c2L.jpg
RS-ST-14-RED,https://images-na.ssl-images-amazon.com/images/I/41fxVbNR60L.jpg
RS-ST-14-WHITE,https://images-na.ssl-images-amazon.com/images/I/41kV3yEqQjL.jpg
RS-ST-15-BEIGE,https://m.media-amazon.com/images/I/71UM+2TTOCL._UL1500_.jpg
RS-ST-15-BLACK,https://m.media-amazon.com/images/I/714pDbZJb6L._UL1500_.jpg
RS-ST-15-PEACH,https://i.imgur.com/1GbzW3Q.jpg
RS-ST-15-PINK,https://m.media-amazon.com/images/I/714pDbZJb6L._UL1500_.jpg
RS-ST-15-RED,https://m.media-amazon.com/images/I/71eQEYmEsfL._UL1500_.jpg
RS-ST-15-WHITE,https://m.media-amazon.com/images/I/71MuBT6oRhL.jpg
RS-ST-15-YELLOW,https://m.media-amazon.com/images/I/71hR9FEpP7L._UL1500_.jpg
RS-ST-16-BEIGE,https://m.media-amazon.com/images/I/71AQzv+1NZL.jpg
RS-ST-16-BLACK,https://m.media-amazon.com/images/I/719KzCQmsFL._UL1500_.jpg
RS-ST-16-PEACH,https://i.imgur.com/1Ax7KW2.jpg
RS-ST-16-PINK,https://m.media-amazon.com/images/I/71T+WGkzgKL._UL1500_.jpg
RS-ST-16-RED,https://m.media-amazon.com/images/I/71xRhakcNmL._UL1500_.jpg
RS-ST-16-WHITE,https://m.media-amazon.com/images/I/71KZZJe2oZL._UL1500_.jpg
RS-ST-16-YELLOW,https://m.media-amazon.com/images/I/71AeO9WugpL.jpg
RS-ST-17-BLACK,https://m.media-amazon.com/images/I/61F5qf2TBnL.jpg
RS-ST-17-RED,https://m.media-amazon.com/images/I/61ue3VjXy-L._UL1500_.jpg
RS-ST-18-BEIGE,https://m.media-amazon.com/images/I/71P4rRMQSGL._UL1500_.jpg
RS-ST-18-BLACK,https://m.media-amazon.com/images/I/71QRup1MjlL._UL1500_.jpg
RS-ST-18-YELLOW,https://m.media-amazon.com/images/I/71njLaor1JL._UL1500_.jpg
RS-ST-19-BEIGE,https://m.media-amazon.com/images/I/71g0qZBoqeL._UL1500_.jpg
RS-ST-19-BLACK-1,https://m.media-amazon.com/images/I/71CfC6hue+L._UL1500_.jpg
RS-ST-19-BLACK-2,https://m.media-amazon.com/images/I/71AAd-VWG-L._UL1500_.jpg
RS-ST-19-PINK,https://m.media-amazon.com/images/I/71BfjW+tBqL._UL1500_.jpg
RS-ST-19-RED,https://m.media-amazon.com/images/I/71ZIuEMw6eL._UL1500_.jpg
RS-ST-19-WHITE,https://m.media-amazon.com/images/I/71Qx+eG0xnL._UL1500_.jpg
RS-ST-19-YELLOW,https://m.media-amazon.com/images/I/615i-sypFXL._UL1500_.jpg
RS-ST-20-BEIGE,https://m.media-amazon.com/images/I/61pNANLjbDL.jpg
RS-ST-20-BLACK,https://m.media-amazon.com/images/I/61EsOAiSL4L._UL1500_.jpg
RS-ST-20-PINK,https://m.media-amazon.com/images/I/61RKGsY44LL.jpg
RS-ST-20-RED,https://m.media-amazon.com/images/I/61p9CgAqDkL.jpg
RS-ST-20-YELLOW,https://m.media-amazon.com/images/I/61Kiy8t3LrL.jpg
RS-ST-21-BEIGE,https://m.media-amazon.com/images/I/51K5KL+ES8L._UL1500_.jpg
RS-ST-21-BLACK,https://m.media-amazon.com/images/I/61Qj+mz-t3L._UL1500_.jpg
RS-ST-21-DPINK,https://m.media-amazon.com/images/I/61OGz5PAvJL._UL1500_.jpg
RS-ST-21-GREY,https://m.media-amazon.com/images/I/61X220CvGoL._UL1500_.jpg
RS-ST-21-PINK,https://m.media-amazon.com/images/I/61oj6Oo+oAL._UL1500_.jpg
RS-ST-21-RED,https://m.media-amazon.com/images/I/61VEs6vPmwL._UL1500_.jpg
RS-ST-21-WHITE,https://m.media-amazon.com/images/I/51YzwPHXmhL._UY879_.jpg
RS-ST-21-YELLOW,https://m.media-amazon.com/images/I/61r7mpfchdL._UY879_.jpg
RS-ST-22-BEIGE,https://m.media-amazon.com/images/I/712+-SkXBqL._UY879_.jpg
RS-ST-22-BLACK,https://m.media-amazon.com/images/I/61QLng3f9LL._UY879_.jpg
RS-ST-22-DPINK,https://m.media-amazon.com/images/I/61bFcncsMWL._UY879_.jpg
RS-ST-22-GREY,https://m.media-amazon.com/images/I/71W0bAzeVAL._UY879_.jpg
RS-ST-22-MUSTARD,https://m.media-amazon.com/images/I/61nTUoyRxNL._UY879_.jpg
RS-ST-22-PINK,https://m.media-amazon.com/images/I/61bCUPywNzL._UY879_.jpg
RS-ST-22-RED,https://m.media-amazon.com/images/I/61Dit52B3zL._UY879_.jpg
RS-ST-22-WHITE,https://m.media-amazon.com/images/I/714MmKx9JXL._UY879_.jpg
RS-ST-23-BLACK,https://m.media-amazon.com/images/I/71CYZdCBnKL._UY879_.jpg
RS-ST-23-MAROON,https://m.media-amazon.com/images/I/71-Jz3S2wyL._UY879_.jpg
RS-ST-23-MUSTARD,https://m.media-amazon.com/images/I/71ItYSTTBhL._UY879_.jpg
RS-ST-23-NAVYBLUE,https://m.media-amazon.com/images/I/71nO+yWAeYL._UY879_.jpg
RS-ST-23-PINK,https://m.media-amazon.com/images/I/618tEa5771L._UY879_.jpg
RS-ST-23-WHITE,https://m.media-amazon.com/images/I/61kjmPaFlzL._UY879_.jpg
RS-ST-24-BEIGE,https://m.media-amazon.com/images/I/71PhQQXonqL._UY879_.jpg
RS-ST-24-BLACK,https://m.media-amazon.com/images/I/71tyh0SPTjL._UY879_.jpg
RS-ST-24-DPINK,https://m.media-amazon.com/images/I/71+yCJkinVL._UL1500_.jpg
RS-ST-24-PINK,https://m.media-amazon.com/images/I/710z8RuDkGL._UY879_.jpg
RS-ST-24-RED,https://m.media-amazon.com/images/I/71wOJtMyWPL._UY879_.jpg
RS-ST-24-WHITE,https://m.media-amazon.com/images/I/71-Ryh1EHbL._UY879_.jpg
RS-ST-24-YELLOW,https://m.media-amazon.com/images/I/71KwDVBjUlL._UY879_.jpg
RS-ST-25-BLACK,https://m.media-amazon.com/images/I/712BrfF7LCL._UY879_.jpg
RS-ST-25-NAVYBLUE,https://m.media-amazon.com/images/I/71Dxu4272BL._UY879_.jpg
RS-ST-26-MAROON,https://m.media-amazon.com/images/I/71OxVia4vCL._UY879_.jpg
RS-ST-27-BLACK,https://m.media-amazon.com/images/I/71ORC4+JebL._UY879_.jpg
RS-ST-28-BEIGE,https://m.media-amazon.com/images/I/710Oa4MwMaL._UY879_.jpg
RS-ST-28-BROWN,https://m.media-amazon.com/images/I/71mDiq0EKKL._UY879_.jpg
RS-ST-28-MAROON,https://m.media-amazon.com/images/I/712qrnW0maL._UY879_.jpg
RS-ST-28-NAVYBLUE,https://m.media-amazon.com/images/I/71ZqcuUJGbL._UL1500_.jpg
RS-ST-29-BEIGE,https://m.media-amazon.com/images/I/61Lc0iMNkCL._UY879_.jpg
RS-ST-29-BLACK,https://m.media-amazon.com/images/I/615MhNhlGKL._UY879_.jpg
RS-ST-29-MAROON,https://m.media-amazon.com/images/I/61-Qv+AdM5L._UY879_.jpg
RS-ST-29-NAVYBLUE,https://m.media-amazon.com/images/I/61abNtA-rdL._UY879_.jpg
RS-ST-29-RED,https://m.media-amazon.com/images/I/61XrAtOZ7ML._UY879_.jpg
RS-ST-30-BEIGE,https://m.media-amazon.com/images/I/61yAhBtw57L._UY879_.jpg
RS-ST-30-BLACK,https://m.media-amazon.com/images/I/71W2tO-lV8L._UY879_.jpg
RS-ST-30-BROWN,https://m.media-amazon.com/images/I/71MbOeeRunL._UY879_.jpg
RS-ST-30-NAVYBLUE,https://m.media-amazon.com/images/I/71bJPS5NqrL._UY879_.jpg
RS-ST-30-RED,https://m.media-amazon.com/images/I/61LVfln+VlL._UY879_.jpg
RS-ST-31-BEIGE,https://i.imgur.com/J2gltV1.jpg
RS-ST-31-BLACK,https://i.imgur.com/7mDhQfp.jpg
RS-ST-31-GREY,https://i.imgur.com/1MjrNwF.jpg
RS-ST-31-MAROON,https://i.imgur.com/96s0lvR.jpg
RS-ST-31-NAVYBLUE,https://i.imgur.com/injXcOM.jpg
RS-ST-31-YELLOW,https://i.imgur.com/N8wmuZC.jpg
S-S-01-BLACK,https://i.imgur.com/Z8Pgxfv.jpg
S-S-01-MAROON,https://i.imgur.com/hQgbIGa.jpg
S-S-01-NAVYBLUE,https://i.imgur.com/T5Wpmo4.jpg
S-S-02-BLACK,https://i.imgur.com/pa1Izzg.jpg
S-S-02-MUSTARD,https://i.imgur.com/W5YVGbZ.jpg
S-S-02-NAVYBLUE,https://i.imgur.com/WKgQ0QS.jpg
S-S-02-RED,https://i.imgur.com/lH80dZC.jpg
S-S-03-BEIGE,https://i.imgur.com/Hl7DMbr.jpg
S-S-03-BLACK,https://i.imgur.com/lt1Frm6.jpg
S-S-03-BROWN,https://i.imgur.com/xRyNoFL.jpg
S-S-03-MAROON,https://i.imgur.com/msAX0hA.jpg
S-S-03-NAVYBLUE,https://i.imgur.com/8rgARmy.jpg
S-S-03-WHITE,https://i.imgur.com/x3OOskn.jpg
S-S-04-BLACK,https://i.imgur.com/vJEvCOV.jpg
S-S-04-NAVYBLUE,https://i.imgur.com/vJEvCOV.jpg
S-S-05-YELLOW,https://i.imgur.com/vVCFSrW.jpg
S-S-06-BLACK,https://i.imgur.com/tiuPMer.jpg
S-S-07-RED,https://i.imgur.com/mtZkdIy.jpg
S-S-07-YELLOW,https://i.imgur.com/GfMkolx.jpg
S-ST-01-BLACK,https://i.imgur.com/8wv0q4W.jpg
S-ST-01-WINE,https://i.imgur.com/AvqvE3K.jpg
S-ST-02-BEIGE,https://i.imgur.com/26Nn5cs.jpg
S-ST-02-BLACK,https://i.imgur.com/rKsXIt7.jpg
S-ST-02-BLUE,https://i.imgur.com/VWRnysD.jpg
S-ST-02-DGREEN,https://i.imgur.com/5rByC2W.jpg
S-ST-02-DPINK,https://i.imgur.com/r8gLgd2.jpg
S-ST-02-MAROON,https://i.imgur.com/1D6I9pB.jpg
S-ST-02-PINK,https://i.imgur.com/WTH5Kmm.jpg
S-ST-02-RED,https://i.imgur.com/2gjq0w5.jpg
S-ST-02-TEAL,https://i.imgur.com/virK5Ts.jpg
S-ST-02-WINE,https://i.imgur.com/cfD1erN.jpg
SEC-S-01-BEIGE,https://i.imgur.com/N0DAgr2.jpg
SEC-S-01-BLACK,https://m.media-amazon.com/images/I/4159sMlrB9L.jpg
SEC-S-01-WHITE,https://m.media-amazon.com/images/I/51h820grBUL.jpg
SEC-S-02-BEIGE,https://m.media-amazon.com/images/I/71GLoJyJJ9L.jpg
SEC-S-02-BLACK,https://m.media-amazon.com/images/I/41e-OUIpP6L.jpg
SEC-S-03-BLACK,https://m.media-amazon.com/images/I/51t0Ev-0VBL.jpg
SEC-S-03-RED,https://m.media-amazon.com/images/I/41a7vNlfPEL.jpg
SEC-S-04-BEIGE,https://m.media-amazon.com/images/I/411To8mcJTL.jpg
SEC-S-04-BLACK,https://m.media-amazon.com/images/I/41cpf-glIyL.jpg
SEC-S-04-RED,https://m.media-amazon.com/images/I/41TC6L3H7GL.jpg
SEC-S-04-WHITE,https://m.media-amazon.com/images/I/41KE4gDWCRL.jpg
SEC-S-05-BEIGE,https://m.media-amazon.com/images/I/41IUVb1bkuL.jpg
SEC-S-05-BROWN,https://m.media-amazon.com/images/I/41IUVb1bkuL.jpg
SEC-S-05-GREEN,https://m.media-amazon.com/images/I/41qENoKkgLL.jpg
SEC-S-05-PINK,https://m.media-amazon.com/images/I/41+G7RyT8DL.jpg
SEC-S-06-BEIGE,https://images-na.ssl-images-amazon.com/images/I/81pmj29CziL._UL1500_.jpg
SEC-S-06-BLACK,https://images-na.ssl-images-amazon.com/images/I/81mRdsDSccL._UL1500_.jpg
SEC-S-06-BLUE,https://m.media-amazon.com/images/I/51Q8NUQYZ4L.jpg
SEC-S-06-MAROON,https://m.media-amazon.com/images/I/41bIRoDWn6L.jpg
SEC-S-06-WHITE,https://m.media-amazon.com/images/I/51IgygR3McL.jpg
SEC-S-07-BEIGE,https://i.imgur.com/DlRMG0a.jpg
SEC-S-07-BLACK,https://m.media-amazon.com/images/I/411kchvHSQL.jpg
SEC-S-07-MAROON,https://i.imgur.com/5mXnwOG.jpg
SEC-S-07-RED,https://m.media-amazon.com/images/I/41UEaDrk6JL.jpg
SEC-S-07-WHITE,https://m.media-amazon.com/images/I/41ZHWFAblgL.jpg
SEC-S-08-BLACK,https://m.media-amazon.com/images/I/51xv1c7viYL.jpg
SEC-S-08-RED,https://m.media-amazon.com/images/I/51by6MZoZhL.jpg
SEC-S-09-BEIGE,https://images-na.ssl-images-amazon.com/images/I/71%2B5sWBPg3L._UL1500_.jpg
SEC-S-09-BLACK,https://images-na.ssl-images-amazon.com/images/I/81aLplJ1jHL._UL1500_.jpg
SEC-S-09-PINK,https://m.media-amazon.com/images/I/41gvYRpneNL.jpg
SEC-S-09-RED,https://images-na.ssl-images-amazon.com/images/I/71SnaqDGmsL._UL1500_.jpg
SEC-S-10-BEIGE,https://m.media-amazon.com/images/I/41hsBLYL9lL.jpg
SEC-S-10-BLACK,https://m.media-amazon.com/images/I/51WkrbZMkYL.jpg
SEC-S-10-RED,https://m.media-amazon.com/images/I/41bor7Wl5cL.jpg
SEC-S-10-WHITE,https://m.media-amazon.com/images/I/415QjpVRinL.jpg
SEC-S-11-BEIGE,https://images-na.ssl-images-amazon.com/images/I/815l1oD1O6L._UL1500_.jpg
SEC-S-11-BLACK,https://images-na.ssl-images-amazon.com/images/I/71cb%2BFWazZL._UL1500_.jpg
SEC-S-11-RED,https://images-na.ssl-images-amazon.com/images/I/71ExJhX22PL._UL1500_.jpg
SEC-S-12-BEIGE,https://m.media-amazon.com/images/I/51P2DtqJGnL.jpg
SEC-S-12-BLUE-1,https://m.media-amazon.com/images/I/51radl2geAL.jpg
SEC-S-12-BLUE-2,https://i.imgur.com/pcylABg.jpg
SEC-S-12-RED,https://m.media-amazon.com/images/I/51Ikpyh9IbL.jpg
SEC-S-13-BLACK,https://m.media-amazon.com/images/I/51+pFOhcf-L.jpg
SEC-S-13-NAVYBLUE,https://m.media-amazon.com/images/I/51d640V5fWL.jpg
SEC-S-13-PINK,https://m.media-amazon.com/images/I/71OPYdUUJHL.jpg
SEC-S-13-RED,https://m.media-amazon.com/images/I/511SjCN2jPL.jpg
SEC-S-13-YELLOW,https://m.media-amazon.com/images/I/81t9dbsMsOL.jpg
SEC-S-14-BEIGE,https://m.media-amazon.com/images/I/41cEvg25PLL.jpg
SEC-S-14-BLACK,https://m.media-amazon.com/images/I/51vGAt00X+L.jpg
SEC-S-14-NAVYBLUE,https://i.imgur.com/JWnwktU.jpg
SEC-S-14-PINK,https://m.media-amazon.com/images/I/51dTn12cZfL.jpg
SEC-S-14-RED,https://m.media-amazon.com/images/I/81vHcVmz4mL.jpg
SEC-S-15-BEIGE,https://images-na.ssl-images-amazon.com/images/I/71xkWeRTfzL._UL1500_.jpg
SEC-S-15-BLACK,https://images-na.ssl-images-amazon.com/images/I/71besArgmuL._UL1500_.jpg
SEC-S-15-NAVYBLUE,https://m.media-amazon.com/images/I/51pdkmZUWjL.jpg
SEC-S-15-RED,https://images-na.ssl-images-amazon.com/images/I/71n5HdXxATL._UL1500_.jpg
SEC-S-16-BLACK,https://m.media-amazon.com/images/I/71Ae5IHlP4L._UL1500_.jpg
SEC-S-16-MAROON,https://m.media-amazon.com/images/I/71WwKb+15PL._UL1500_.jpg
SEC-S-16-PEACH,https://m.media-amazon.com/images/I/71lZv-P4gRL._UL1500_.jpg
SEC-S-16-PINK,https://m.media-amazon.com/images/I/71adP60v7dL._UL1500_.jpg
SEC-S-16-RED,https://m.media-amazon.com/images/I/71RCxdYhafL._UL1500_.jpg
SEC-S-16-YELLOW,https://m.media-amazon.com/images/I/71WBgisYyVL._UL1500_.jpg
SEC-S-17-BEIGE,https://m.media-amazon.com/images/I/71kifzabyXL._UL1500_.jpg
SEC-S-18-BEIGE,https://m.media-amazon.com/images/I/71mqVEnHJwL._UL1500_.jpg
SEC-S-18-BLACK,https://m.media-amazon.com/images/I/71C6-5s5TXL._UL1500_.jpg
SEC-S-18-MAROON,https://m.media-amazon.com/images/I/71tuDw8aKnL._UL1500_.jpg
SEC-S-18-PEACH,https://m.media-amazon.com/images/I/61r+3LnYinL._UL1500_.jpg
SEC-S-18-PINK,https://m.media-amazon.com/images/I/71EJbF32goL._UL1500_.jpg
SEC-S-18-RED,https://m.media-amazon.com/images/I/71SokAcABkL._UL1500_.jpg
SEC-S-18-TEAL,https://m.media-amazon.com/images/I/71kA5X6d78L._UL1500_.jpg
SEC-S-19-BLACK,https://m.media-amazon.com/images/I/716npHJ5ovL._UL1500_.jpg
SEC-S-19-RED,https://m.media-amazon.com/images/I/71TV2tAGTUL._UL1500_.jpg
SEC-S-19-TEAL,https://m.media-amazon.com/images/I/71vffomMQ-L._UL1500_.jpg
SEC-S-19-YELLOW,https://m.media-amazon.com/images/I/71uPtlVmGoL._UL1500_.jpg
SEC-S-20-BLACK,https://m.media-amazon.com/images/I/71a7yerwgIL._UL1500_.jpg
SEC-S-20-RED,https://m.media-amazon.com/images/I/71fKPbul58L._UL1500_.jpg
SEC-S-20-TEAL,https://m.media-amazon.com/images/I/71BHaELb1FL._UL1500_.jpg
SEC-S-21-WHITE,https://m.media-amazon.com/images/I/71F8zakkNfL._UL1500_.jpg
SEC-S-22-BEIGE,https://m.media-amazon.com/images/I/71ZGaTHUjsL._UL1500_.jpg
SEC-S-22-PEACH,https://m.media-amazon.com/images/I/71VyIz5KYML._UL1500_.jpg
SEC-S-22-PINK,https://m.media-amazon.com/images/I/71kVCisY3dL._UL1500_.jpg
SEC-S-23-RED,https://m.media-amazon.com/images/I/71TRk0bDd4L._UL1500_.jpg
SEC-S-23-YELLOW,https://m.media-amazon.com/images/I/71Kq3UkwduL._UL1500_.jpg
SEC-S-24-BEIGE,https://m.media-amazon.com/images/I/71aA5mwVkoL._UL1500_.jpg
SEC-S-24-BLACK,https://m.media-amazon.com/images/I/71ID+VXWNLL._UL1500_.jpg
SEC-S-24-DPINK,https://m.media-amazon.com/images/I/71wuTA+3tsL._UL1500_.jpg
SEC-S-24-MAROON,https://m.media-amazon.com/images/I/61azA6yMyeL._UL1500_.jpg
SEC-S-24-RED,https://m.media-amazon.com/images/I/71kg5Acs3iL._UL1500_.jpg
SEC-S-25-BLACK,https://m.media-amazon.com/images/I/71pY+nV55PL._UL1500_.jpg
SEC-S-25-NAVYBLUE,https://m.media-amazon.com/images/I/71Tju8pb7oL._UL1500_.jpg
SEC-S-25-PINK,https://m.media-amazon.com/images/I/71LM+WirJYL._UL1500_.jpg
SEC-S-25-RED,https://m.media-amazon.com/images/I/71NRdzccE5L._UL1500_.jpg
SEC-S-25-WHITE,https://m.media-amazon.com/images/I/71z1eMRJ90L._UL1500_.jpg
SEC-S-25-YELLOW,https://m.media-amazon.com/images/I/71aeGhW0zdL._UL1500_.jpg
SEC-S-26-BLACK,https://m.media-amazon.com/images/I/71099jCOr+L._UL1500_.jpg
SEC-S-26-RED,https://m.media-amazon.com/images/I/71SKR5s32HL._UL1500_.jpg
SEC-S-27-BLACK,https://m.media-amazon.com/images/I/618Lv8G16iL._UL1500_.jpg
SEC-S-27-RED,https://m.media-amazon.com/images/I/716m61G8i-L._UL1500_.jpg
SEC-S-28-M-BEIGE,https://m.media-amazon.com/images/I/31QTNZ7RMfL.jpg
SEC-S-28-M-GREY,https://m.media-amazon.com/images/I/61M-dkOzumL._UL1500_.jpg
SEC-S-28-M-LGREY,https://m.media-amazon.com/images/I/616FOqbePZL._UL1500_.jpg
SEC-S-28-M-MAROON,https://m.media-amazon.com/images/I/61YJfjfkxQL._UL1500_.jpg
SEC-S-28-M-PINK,https://m.media-amazon.com/images/I/51ema90R9WL._UL1500_.jpg
SEC-S-28-M-RED,https://m.media-amazon.com/images/I/51V8fNtWMwL._UL1500_.jpg
SEC-S-28-M-WHITE,https://m.media-amazon.com/images/I/61W8ZA78wGL._UL1500_.jpg
SEC-S-28-M-YELLOW,https://m.media-amazon.com/images/I/61pSZLYyjjL._UL1500_.jpg
SEC-S-29-BEIGE,https://m.media-amazon.com/images/I/61M174UHMCL._UL1500_.jpg
SEC-S-29-BLACK,https://m.media-amazon.com/images/I/61LO+8IYn1L._UL1500_.jpg
SEC-S-29-RED,https://m.media-amazon.com/images/I/61vTJA6k5YL._UL1500_.jpg
SEC-S-30-BEIGE,https://m.media-amazon.com/images/I/61LXEID1JVL._UL1500_.jpg
SEC-S-30-BLACK,https://m.media-amazon.com/images/I/61UtJpWQEWL._UL1500_.jpg
SEC-S-30-MAROON,https://m.media-amazon.com/images/I/61FZCfRQ+pL._UL1500_.jpg
SEC-S-31-BEIGE,https://m.media-amazon.com/images/I/71Fl5reSDML._UY879_.jpg
SEC-S-31-BLACK,https://m.media-amazon.com/images/I/71x3yzLG5mL._UY879_.jpg
SEC-S-31-DPINK,https://m.media-amazon.com/images/I/71PzZuMDxOL._UY879_.jpg
SEC-S-31-MAROON,https://i.imgur.com/GpXcnew.jpg
SEC-S-31-RED,https://m.media-amazon.com/images/I/7172sFdt71L._UY879_.jpg
SEC-S-31-TEAL,https://m.media-amazon.com/images/I/71zNGMXYk3L._UY879_.jpg
SEC-S-31-YELLOW,https://i.imgur.com/LAnFT3I.jpg
SEC-S-32-M-BLACK,https://m.media-amazon.com/images/I/71I85oiG5EL._UY879_.jpg
SEC-S-32-M-GREY,https://m.media-amazon.com/images/I/61XFulIuiuL._UY879_.jpg
SEC-S-32-M-MAROON,https://m.media-amazon.com/images/I/71DDiPqUTcL._UY879_.jpg
SEC-S-32-M-MUSTARD,https://m.media-amazon.com/images/I/619SgxLmw4L._UY879_.jpg
SEC-S-32-M-PINK,https://m.media-amazon.com/images/I/61UIlKiYdkL._UY879_.jpg
SEC-S-33-BEIGE,https://m.media-amazon.com/images/I/71wp4a1CtQL._UY879_.jpg
SEC-S-33-BLACK,https://m.media-amazon.com/images/I/716k+FaohaL._UY879_.jpg
SEC-S-33-BROWN,https://m.media-amazon.com/images/I/71mXhvqSFVL._UY879_.jpg
SEC-S-33-DPINK,https://m.media-amazon.com/images/I/71WfgPE8jgL._UY879_.jpg
SEC-S-33-RED,https://m.media-amazon.com/images/I/71E3oGn08SL._UY879_.jpg
SEC-S-33-TEAL,https://m.media-amazon.com/images/I/714Ul5l34VL._UY879_.jpg
SEC-S-33-WHITE,https://m.media-amazon.com/images/I/71k15ilEEjL._UY879_.jpg
SEC-S-33-YELLOW,https://m.media-amazon.com/images/I/71GrF0mdJAL._UY879_.jpg
SEC-S-34-BEIGE,https://i.imgur.com/t0zN0O1.jpg
SEC-S-34-BLACK,https://m.media-amazon.com/images/I/71tb5BrN5OL._UY879_.jpg
SEC-S-34-BROWN,https://m.media-amazon.com/images/I/71LUjxbNuQL._UY879_.jpg
SEC-S-34-DPINK,https://m.media-amazon.com/images/I/71FOcAjmu2L._UY879_.jpg
SEC-S-34-MUSTARD,
SEC-S-34-NAVYBLUE,https://m.media-amazon.com/images/I/71Zuz1I7vvL._UY879_.jpg
SEC-S-34-PINK,https://m.media-amazon.com/images/I/71QO9idrmAL._UY879_.jpg
SEC-S-34-RED,https://m.media-amazon.com/images/I/71cIbKe3x5L._UY879_.jpg
SEC-S-34-TEAL,https://m.media-amazon.com/images/I/71UO5dYs+ZL._UY879_.jpg
SEC-S-34-WHITE,https://m.media-amazon.com/images/I/71PUYSh2viL._UY879_.jpg
SEC-S-34-YELLOW,https://m.media-amazon.com/images/I/712mHqc7bfL._UL1500_.jpg
SEC-S-35-BEIGE,https://i.imgur.com/OjhFCJu.jpg
SEC-S-35-BLACK,https://m.media-amazon.com/images/I/711PCDp1hgL._UL1500_.jpg
SEC-S-35-BROWN,https://m.media-amazon.com/images/I/71gS5FhiGnL._UY879_.jpg
SEC-S-35-DPINK,https://m.media-amazon.com/images/I/71m0l64QZ2L._UY879_.jpg
SEC-S-35-GREEN,https://m.media-amazon.com/images/I/71cnIU-D5jL._UY879_.jpg
SEC-S-35-MAROON,https://m.media-amazon.com/images/I/71yWr0+gzLL._UY879_.jpg
SEC-S-35-MUSTARD,https://i.imgur.com/QeXeQqD.jpg
SEC-S-35-NAVYBLUE,https://m.media-amazon.com/images/I/71zyhjgKGsL._UY879_.jpg
SEC-S-35-PINK,https://m.media-amazon.com/images/I/71+esCfo0CL._UY879_.jpg
SEC-S-35-RUST,https://m.media-amazon.com/images/I/71CaafUMKZL._UY879_.jpg
SEC-S-35-WHITE,https://m.media-amazon.com/images/I/71MHuPX-BeL._UY879_.jpg
SEC-S-35-YELLOW,https://m.media-amazon.com/images/I/71vljbe6zBL._UY879_.jpg
SEC-S-36-BEIGE,https://m.media-amazon.com/images/I/71a9Q3wmFOL._UY879_.jpg
SEC-S-36-BLACK,https://m.media-amazon.com/images/I/71BeQZa21sL._UY879_.jpg
SEC-S-36-DGREEN,https://m.media-amazon.com/images/I/71AJa78JEiL._UY879_.jpg
SEC-S-36-DPINK,https://m.media-amazon.com/images/I/71skLj0QoeL._UY879_.jpg
SEC-S-36-MAROON,https://m.media-amazon.com/images/I/71+o1MAQSUL._UY879_.jpg
SEC-S-36-MUSTARD,https://m.media-amazon.com/images/I/71MVKsHldAL._UY879_.jpg
SEC-S-36-TEAL,https://m.media-amazon.com/images/I/71CJA50QS-L._UY879_.jpg
SEC-S-37-BLACK,https://m.media-amazon.com/images/I/71PPwWL+hGL._UY879_.jpg
SEC-S-37-DPINK,https://m.media-amazon.com/images/I/619snUAz8SL._UY879_.jpg
SEC-S-37-GREEN,https://m.media-amazon.com/images/I/61peb25tebL._UY879_.jpg
SEC-S-37-MAROON,https://m.media-amazon.com/images/I/71ImpukxevL._UY879_.jpg
SEC-S-37-MUSTARD,https://m.media-amazon.com/images/I/61lFWDMjwhL._UY879_.jpg
SEC-S-37-NAVYBLUE,https://m.media-amazon.com/images/I/71x+fCVMxvL._UY879_.jpg
SEC-S-37-PINK,https://m.media-amazon.com/images/I/61-KjqvyY1L._UY879_.jpg
SEC-S-37-WHITE,https://m.media-amazon.com/images/I/61J1NkPJiOL._UY879_.jpg
SEC-S-37-YELLOW,https://m.media-amazon.com/images/I/61Uw4no5KsL._UY879_.jpg
SEC-S-38-BLACK,https://i.imgur.com/TIsg0xH.jpg
SEC-S-38-DPINK,https://i.imgur.com/oMkOITN.jpg
SEC-S-38-MAROON,https://i.imgur.com/Wd2Ze3J.jpg
SEC-S-38-YELLOW,https://i.imgur.com/A85d4t0.jpg
SEC-S-39-BEIGE,https://i.imgur.com/bhARzai.jpg
SEC-S-39-BLACK,https://i.imgur.com/JphQEMH.jpg
SEC-S-39-DPINK,https://i.imgur.com/tIycsqT.jpg
SEC-S-39-MAROON,https://i.imgur.com/BXVM4mH.jpg
SEC-S-39-MUSTARD,https://i.imgur.com/V53vkk4.jpg
SEC-S-39-WHITE,https://i.imgur.com/XsObT3X.jpg
SEC-ST-01-BLUE,https://m.media-amazon.com/images/I/41jQRaOwX+L.jpg
SEC-ST-01-BROWN,https://m.media-amazon.com/images/I/41KKcsNf8vL.jpg
SEC-ST-01-RUST,https://m.media-amazon.com/images/I/51BI4F1vvmL.jpg
SEC-ST-02-BLUE,https://m.media-amazon.com/images/I/41ju0mYBVfL.jpg
SEC-ST-02-TAN,https://m.media-amazon.com/images/I/41cqoZ0uhrL.jpg
SEC-ST-02-YELLOW,https://m.media-amazon.com/images/I/41aqousfdqL.jpg
SEC-ST-03-BROWN,https://m.media-amazon.com/images/I/519WK2cHo7L.jpg
SEC-ST-03-RED,https://m.media-amazon.com/images/I/41TLHrB7WzL.jpg
SEC-ST-04-BEIGE,https://m.media-amazon.com/images/I/41VxKGlYvfL.jpg
SEC-ST-04-BLACK,https://images-na.ssl-images-amazon.com/images/I/81Ty58%2B%2BLQL._UL1500_.jpg
SEC-ST-04-BLACK-2,https://i.imgur.com/qfcqgFc.jpg
SEC-ST-04-BLUE,https://images-na.ssl-images-amazon.com/images/I/810lyfh7BXL._UL1500_.jpg
SEC-ST-04-MAROON,https://m.media-amazon.com/images/I/41yQve23QlL.jpg
SEC-ST-04-ORANGE,https://m.media-amazon.com/images/I/51Wdgp9cgkL.jpg
SEC-ST-04-PINK,https://m.media-amazon.com/images/I/41rzT3uCVzL.jpg
SEC-ST-04-RED,https://m.media-amazon.com/images/I/41uycImvUFL.jpg
SEC-ST-04-WHITE,https://i.imgur.com/VS03o21.jpg
SEC-ST-04-YELLOW,https://m.media-amazon.com/images/I/41-O6BJImZL.jpg
SEC-ST-05-BLACK,https://m.media-amazon.com/images/I/518wTr8F3sL.jpg
SEC-ST-05-BROWN,https://m.media-amazon.com/images/I/415q0uvYDpL.jpg
SEC-ST-05-RED,https://m.media-amazon.com/images/I/51KJxSlYF7L.jpg
SEC-ST-06-BLACK,https://m.media-amazon.com/images/I/416nS4xn+RL.jpg
SEC-ST-06-BLUE,https://m.media-amazon.com/images/I/51PC1EE7KiL.jpg
SEC-ST-06-WHITE,https://m.media-amazon.com/images/I/518-gr+zJiL.jpg
SEC-ST-06-YELLOW,https://m.media-amazon.com/images/I/51Dig7Yq79L.jpg
SEC-ST-07-BEIGE,https://m.media-amazon.com/images/I/41ho-lXqFWL.jpg
SEC-ST-07-BLACK,https://m.media-amazon.com/images/I/41XoXJIXNBL.jpg
SEC-ST-07-BLUE,No image found
SEC-ST-07-MAROON,https://m.media-amazon.com/images/I/41cRkNGfw0L.jpg
SEC-ST-07-MUSTARD,https://m.media-amazon.com/images/I/41RpKxjoZBL.jpg
SEC-ST-07-ORANGE,No image found
SEC-ST-07-PINK,https://m.media-amazon.com/images/I/41CrRtxt69L.jpg
SEC-ST-07-PURPLE,https://m.media-amazon.com/images/I/41P9jzJg5nL.jpg
SEC-ST-07-RED,https://m.media-amazon.com/images/I/41cRkNGfw0L.jpg
SEC-ST-07-WHITE,No image found
SEC-ST-07-YELLOW,https://m.media-amazon.com/images/I/41RpKxjoZBL.jpg
SEC-ST-08-BEIGE,https://m.media-amazon.com/images/I/41iiUKSuv7L.jpg
SEC-ST-08-BLACK,https://m.media-amazon.com/images/I/41YASEv3BSL.jpg
SEC-ST-08-BLUE,https://m.media-amazon.com/images/I/41QNC3SP6sL.jpg
SEC-ST-09-BEIGE,https://m.media-amazon.com/images/I/41UCA59Jb3L.jpg
SEC-ST-09-BLACK,https://m.media-amazon.com/images/I/419YQX9rB1L.jpg
SEC-ST-09-WHITE,https://m.media-amazon.com/images/I/41YAd9PtibL.jpg
SEC-ST-11-PASHMINA,https://m.media-amazon.com/images/I/31qCTntgJqL.jpg
SEC-ST-12-M-BEIGE,https://i.imgur.com/cNItBQq.jpg
SEC-ST-12-M-BLACK,https://i.imgur.com/w3j2Bpj.jpg
SEC-ST-12-M-GREY,https://i.imgur.com/c9xAnCD.jpg
SEC-ST-12-M-MAROON,https://i.imgur.com/bmdc42D.jpg
SEC-ST-12-M-WHITE,https://i.imgur.com/SsmHz4N.jpg
SEC-ST-12-M-YELLOW,https://i.imgur.com/w7cp0B4.jpg
SEC-ST-13-M-BLACK,https://i.imgur.com/fwUd2E3.jpg
SEC-ST-13-M-GREY,https://i.imgur.com/Sd3zadh.jpg
SEC-ST-13-M-LGREY,https://i.imgur.com/oz60RCC.jpg
SEC-ST-13-M-MAROON,https://i.imgur.com/6qFkJNA.jpg
SEC-ST-13-M-PINK,https://i.imgur.com/YeGrrX6.jpg
SEC-ST-13-M-RED,https://i.imgur.com/DS2C9jq.jpg
SEC-ST-13-M-YELLOW,https://i.imgur.com/B3tK3xu.jpg
SEC-ST-14-M-LGREY,https://m.media-amazon.com/images/I/61cThORHtUL._UY879_.jpg
SEC-ST-14-M-LPINK,https://m.media-amazon.com/images/I/61EGoOTTDUL._UY879_.jpg
SEC-ST-14-M-MAROON,https://m.media-amazon.com/images/I/61GaanJ9A0L._UY879_.jpg
SEC-ST-14-M-RUST,https://m.media-amazon.com/images/I/61x+Il2lY8L._UY879_.jpg
SEC-ST-15-BEIGE,https://m.media-amazon.com/images/I/61EoUAZzDEL._UY879_.jpg
SEC-ST-15-DPINK,https://m.media-amazon.com/images/I/71J2lMRZt6L._UY879_.jpg
SEC-ST-15-GREEN,https://m.media-amazon.com/images/I/71MOHMdw4bL._UY879_.jpg
SEC-ST-15-MAUVE,https://m.media-amazon.com/images/I/71E5RkDo02L._UY879_.jpg
SEC-ST-15-ORANGE,https://m.media-amazon.com/images/I/71udMwO8tVL._UY879_.jpg
SEC-ST-15-PINK,https://m.media-amazon.com/images/I/61I-RPmgW0L._UY879_.jpg
SEC-ST-15-TEAL,https://m.media-amazon.com/images/I/61go+6lDW0L._UY879_.jpg
SEC-ST-15-WHITE,https://m.media-amazon.com/images/I/61jHFhCRWTL._UY879_.jpg
SEC-ST-16-BEIGE,https://m.media-amazon.com/images/I/71wMgRa99HL._UY879_.jpg
SEC-ST-16-BLACK,https://m.media-amazon.com/images/I/6115vSFo2ML._UY879_.jpg
SEC-ST-16-LPINK,https://m.media-amazon.com/images/I/61aZqjY4LZL._UY879_.jpg
SEC-ST-16-NAVYBLUE,https://m.media-amazon.com/images/I/71jJtXj3i3L._UY879_.jpg
SEC-ST-16-PINK-1,https://i.imgur.com/DEKgWYz.jpg
SEC-ST-16-PINK-2,https://m.media-amazon.com/images/I/71+wFEKkMrL._UY879_.jpg
SEC-ST-16-RED,https://m.media-amazon.com/images/I/71U31Vje7GL._UY879_.jpg
SEC-ST-16-TEAL,https://m.media-amazon.com/images/I/71huWPDsyaL._UY879_.jpg
SEC-ST-16-YELLOW,https://m.media-amazon.com/images/I/71Hfe19664L._UY879_.jpg
SEC-ST-17-NAVYBLUE,https://i.imgur.com/Ydz80PE.jpg
SEC-ST-17-PURPLE,https://i.imgur.com/CaimUFY.jpg
SEC-ST-17-WINE,https://i.imgur.com/BSEq1db.jpg
SEC-ST-18-BLACK,https://i.imgur.com/Q0LtJYe.jpg
SEC-ST-18-MAROON,https://i.imgur.com/fg4ZcJQ.jpg
SEC-ST-18-WINE,https://i.imgur.com/SuUbfVT.jpg
SEC-ST-19-M-BEIGE,https://i.imgur.com/jNSFUoq.jpg
SEC-ST-19-M-BLACK,https://i.imgur.com/xpJJbm7.jpg
SEC-ST-19-M-GREY,https://i.imgur.com/ccjU2Pz.jpg
SEC-ST-19-M-LGREY,https://i.imgur.com/fMd8MYM.jpg
SEC-ST-19-M-RED,https://i.imgur.com/NQ9xOMl.jpg
SEC-ST-19-M-YELLOW,https://i.imgur.com/deW9fLE.jpg
SEC-ST-20-BEIGE,https://i.imgur.com/3rJ9vyA.jpg
SEC-ST-20-BLACK,https://i.imgur.com/KkJeD1l.jpg
SEC-ST-20-GREEN,https://i.imgur.com/9IRAVNc.jpg
SEC-ST-20-MAROON,https://i.imgur.com/ovYufqq.jpg
SEC-ST-20-MAUVE,https://i.imgur.com/HAfqCDf.jpg
SEC-ST-20-NAVYBLUE,https://i.imgur.com/RnbD5Gc.jpg
SEC-ST-20-RED,https://i.imgur.com/nKAhnSH.jpg
SEC-ST-20-YELLOW,https://i.imgur.com/2XtCYuO.jpg
SEC-ST-21-BLACK,https://i.imgur.com/74WusBa.jpg
SEC-ST-21-BROWN,https://i.imgur.com/9eTzahH.jpg
SEC-ST-21-GREEN,https://i.imgur.com/XhAzdY6.jpg
SEC-ST-21-MAROON,https://i.imgur.com/GFgtrCf.jpg
SEC-ST-21-MAUVE,https://i.imgur.com/YQhep0X.jpg
SEC-ST-21-PEACH,https://i.imgur.com/pp6ywlw.jpg
SEC-ST-21-PINK,https://i.imgur.com/ns42XEp.jpg
SEC-ST-21-WINE,https://i.imgur.com/9pjSbca.jpg
SEC-ST-22-M-BEIGE,https://i.imgur.com/FcICb9n.jpg
SEC-ST-22-M-DPINK,https://i.imgur.com/LOS75cp.jpg
SEC-ST-22-M-LBEIGE,https://i.imgur.com/HPqCXM6.jpg
SEC-ST-22-M-LGREY,https://i.imgur.com/Ip93rGL.jpg
SEC-ST-22-M-MUSTARD,https://i.imgur.com/Q1SdtSr.jpg
SEC-ST-23-BLACK,https://i.imgur.com/UP0e7ar.jpg
SEC-ST-23-MAROON,
SEC-ST-23-WHITE,https://i.imgur.com/11BmMft.jpg
VI-ST-01-BEIGE,https://m.media-amazon.com/images/I/4107QEDYo4L.jpg
VI-ST-01-BLACK,https://m.media-amazon.com/images/I/719Hbah-50L.jpg
VI-ST-01-RED,https://m.media-amazon.com/images/I/414zr9fysXL.jpg
VI-ST-02-BLACK,https://m.media-amazon.com/images/I/71EOqNFYN4L.jpg
VI-ST-02-RED,https://m.media-amazon.com/images/I/51TId0WiVcL.jpg
VI-ST-03-BLACK,https://m.media-amazon.com/images/I/41JS+MQhhSL.jpg
VI-ST-03-MAROON,https://m.media-amazon.com/images/I/41dsZ0cScmL.jpg
VI-ST-03-PINK,https://m.media-amazon.com/images/I/41ZAp7h4JvL.jpg
VI-ST-04-BEIGE,https://i.imgur.com/mG9QdJh.jpg
VI-ST-04-BLACK,https://m.media-amazon.com/images/I/41YS-55+NuL.jpg
VI-ST-04-DPINK,https://m.media-amazon.com/images/I/41NnCp4nmEL.jpg
VI-ST-04-MAROON,https://m.media-amazon.com/images/I/41DX04vb5OL.jpg
VI-ST-04-WHITE,https://m.media-amazon.com/images/I/41JCXe1YZzL.jpg
VI-ST-04-YELLOW,https://m.media-amazon.com/images/I/711cO23M39L._UL1500_.jpg
VI-ST-05-BEIGE,https://m.media-amazon.com/images/I/71UAaZ+SMNL.jpg
VI-ST-05-BLACK,https://m.media-amazon.com/images/I/71m4UJEoDGL.jpg
VI-ST-05-BROWN,https://m.media-amazon.com/images/I/41uQLgV25oL.jpg
VI-ST-05-MAROON,https://m.media-amazon.com/images/I/41vL93QkCLL.jpg
VI-ST-05-PINK,https://m.media-amazon.com/images/I/41ESblKX14L.jpg
VI-ST-06-BEIGE,https://m.media-amazon.com/images/I/31Z4In2IPRL.jpg
VI-ST-06-BLACK,https://m.media-amazon.com/images/I/41Tn1inZ3bL.jpg
VI-ST-06-BROWN,https://m.media-amazon.com/images/I/41Ge9GBtgQL.jpg
VI-ST-06-NAVYBLUE,https://m.media-amazon.com/images/I/41pZjTsu8DL.jpg
VI-ST-06-PINK,https://m.media-amazon.com/images/I/419M9EGb5rL.jpg
VI-ST-06-RED,https://m.media-amazon.com/images/I/61Jlj5Ac91L.jpg
VI-ST-07-BEIGE,https://m.media-amazon.com/images/I/41H7CF94IlL.jpg
VI-ST-07-BLACK,https://m.media-amazon.com/images/I/41YxC5WD9jL.jpg
VI-ST-07-PINK,https://m.media-amazon.com/images/I/41HW4yocXGL.jpg
VI-ST-07-RED,https://m.media-amazon.com/images/I/41XA4tqPNvL.jpg
VI-ST-08-BEIGE,https://m.media-amazon.com/images/I/61WtM2E7trL.jpg
VI-ST-08-BLACK,https://m.media-amazon.com/images/I/61MmLkEVf4L.jpg
VI-ST-08-BROWN,https://m.media-amazon.com/images/I/71+wu9IoJVL._UL1500_.jpg
VI-ST-08-DPINK,https://m.media-amazon.com/images/I/71H6PWBSDDL._UY879_.jpg
VI-ST-08-NAVYBLUE,https://m.media-amazon.com/images/I/412qFpkMhwL.jpg
VI-ST-08-PINK,https://i.imgur.com/pnKhfri.jpg
VI-ST-08-RED,https://m.media-amazon.com/images/I/41qQjoYRiIL.jpg
VI-ST-08-WINE,https://m.media-amazon.com/images/I/41-fWxNCKTL.jpg
VI-ST-09-BEIGE,https://m.media-amazon.com/images/I/41O0e3Dv1pL.jpg
VI-ST-09-BLACK,https://m.media-amazon.com/images/I/61llkd81udL.jpg
VI-ST-09-GREY,https://m.media-amazon.com/images/I/41IIw982doL.jpg
VI-ST-09-PINK,https://m.media-amazon.com/images/I/71ewaixBsSL.jpg
VI-ST-09-RED,https://m.media-amazon.com/images/I/41kuVynGyoL.jpg
VI-ST-10-BEIGE,https://m.media-amazon.com/images/I/61lXF4sOBbL._UY879_.jpg
VI-ST-10-BLACK,https://m.media-amazon.com/images/I/71ghZafzqyL._UY879_.jpg
VI-ST-10-BLUE,https://m.media-amazon.com/images/I/71oAtZXmYQL._UY879_.jpg
VI-ST-10-NAVYBLUE,https://m.media-amazon.com/images/I/71YVXg-cpZL._UY879_.jpg
VI-ST-10-RED,https://m.media-amazon.com/images/I/7143kw5UMOL._UY879_.jpg
VI-ST-10-WINE,https://m.media-amazon.com/images/I/71BN-kEDGCL._UY879_.jpg
VI-ST-11-BEIGE,https://m.media-amazon.com/images/I/61spk-viiTL._UY879_.jpg
VI-ST-11-BLACK,https://m.media-amazon.com/images/I/716acTzoiQL._UY879_.jpg
VI-ST-11-DPINK,https://m.media-amazon.com/images/I/71B0iQ6DZwL._UY879_.jpg
VI-ST-11-GREEN,https://m.media-amazon.com/images/I/71hRHF1rA0L._UY879_.jpg
VI-ST-11-MAROON,https://m.media-amazon.com/images/I/71oNpy9gfFL._UY879_.jpg
VI-ST-11-MUSTARD,https://m.media-amazon.com/images/I/71pXNrjZ5-L._UL1500_.jpg
VI-ST-11-PINK,https://m.media-amazon.com/images/I/719PrfK9VZL._UY879_.jpg
VI-ST-11-WINE,https://m.media-amazon.com/images/I/61eHdfFIWCL._UY879_.jpg
VI-ST-12-BLACK,https://m.media-amazon.com/images/I/71-Jl3JLgnL._UY879_.jpg
VI-ST-12-DPINK,https://m.media-amazon.com/images/I/71g4G1I+40L._UY879_.jpg
VI-ST-12-MUSTARD,https://m.media-amazon.com/images/I/71AxVZt3VGL._UY879_.jpg
VI-ST-12-NAVYBLUE,https://m.media-amazon.com/images/I/71n7SoPBNHL._UY879_.jpg
VI-ST-12-PINK,https://m.media-amazon.com/images/I/716leilSqcL._UY879_.jpg
VI-ST-12-RED,https://m.media-amazon.com/images/I/71DYoWzR9ML._UY879_.jpg
VI-ST-12-WINE,https://m.media-amazon.com/images/I/71lPlZLs1gL._UY879_.jpg
VI-ST-13-BEIGE,https://m.media-amazon.com/images/I/715F3eEtvXL._UY879_.jpg
VI-ST-13-BLACK,https://m.media-amazon.com/images/I/71BlS8GoyOL._UY879_.jpg
VI-ST-13-DPINK,https://m.media-amazon.com/images/I/71u4CRLtlSL._UY879_.jpg
VI-ST-13-MAROON,https://m.media-amazon.com/images/I/71YATxdAjHL._UY879_.jpg
VI-ST-13-NAVYBLUE,https://m.media-amazon.com/images/I/71wJTSYKkJL._UY879_.jpg
VI-ST-13-PINK,https://m.media-amazon.com/images/I/710Q6hrvZYL._UY879_.jpg
VI-ST-13-RED,https://m.media-amazon.com/images/I/71JVCeSUANL._UY879_.jpg
VI-ST-13-WINE,https://m.media-amazon.com/images/I/71kKRPmBb7L._UY879_.jpg
VI-ST-14-BEIGE,https://m.media-amazon.com/images/I/61o7AJd6a0L._UY879_.jpg
VI-ST-14-BLACK,https://m.media-amazon.com/images/I/71kZ1+98xsL._UY879_.jpg
VI-ST-14-DGREEN,https://m.media-amazon.com/images/I/61mEUW8y15L._UY879_.jpg
VI-ST-14-DPINK,https://m.media-amazon.com/images/I/61msbbDnuNL._UY879_.jpg
VI-ST-14-GREEN,https://m.media-amazon.com/images/I/411EQmlVJmL.jpg
VI-ST-14-MAROON,https://m.media-amazon.com/images/I/41URu0AarjL.jpg
VI-ST-14-NAVYBLUE,https://m.media-amazon.com/images/I/71nrw7+B9-L._UY879_.jpg
VI-ST-14-PINK,https://m.media-amazon.com/images/I/61o7AJd6a0L._UY879_.jpg
VI-ST-14-RED,https://m.media-amazon.com/images/I/71e2cbIW7vL._UY879_.jpg
VI-ST-14-WINE,https://m.media-amazon.com/images/I/71GqS11up4L._UY879_.jpg
VI-ST-15-BLACK,https://m.media-amazon.com/images/I/61rfXg93yYL._UY879_.jpg
VI-ST-15-DGREEN,https://m.media-amazon.com/images/I/61oaNQNruTL._UY879_.jpg
VI-ST-15-DPINK,https://m.media-amazon.com/images/I/61Jhe+fe1BL._UY879_.jpg
VI-ST-15-MAROON,https://m.media-amazon.com/images/I/61nvHAuhUhL._UY879_.jpg
VI-ST-15-PINK,https://m.media-amazon.com/images/I/61MDX597e+L._UY879_.jpg
VI-ST-15-WHITE,https://m.media-amazon.com/images/I/41AU6oKoA5L.jpg
VI-ST-15-WINE,https://m.media-amazon.com/images/I/61UxvnsrsHL._UY879_.jpg
VI-ST-16-BEIGE,https://m.media-amazon.com/images/I/61GYO1NxKOL._UL1500_.jpg
VI-ST-16-BLACK,https://m.media-amazon.com/images/I/61vjYDlcfzL._UY879_.jpg
VI-ST-16-MUSTARD,https://m.media-amazon.com/images/I/71lH9YFpcmL._UY879_.jpg
VI-ST-16-RED,https://m.media-amazon.com/images/I/61uXCifj6PL._UY879_.jpg
VI-ST-17-BROWN,https://m.media-amazon.com/images/I/61ySDU2A6vL._UY879_.jpg
VI-ST-17-DPINK,https://m.media-amazon.com/images/I/61YnTXuqDPL._UY879_.jpg
VI-ST-17-PINK,https://m.media-amazon.com/images/I/71J1PprQB7L._UY879_.jpg
VI-ST-17-TEAL,https://m.media-amazon.com/images/I/61jMUrH6LML._UY879_.jpg
VI-ST-17-WHITE,https://m.media-amazon.com/images/I/61fFsSEhH5L._UY879_.jpg
VI-ST-17-YELLOW,https://m.media-amazon.com/images/I/61dDsSMrzOL._UY879_.jpg
VI-ST-18-BLACK,https://m.media-amazon.com/images/I/61SdWXAA-OL._UY879_.jpg
VI-ST-18-BLUE,https://m.media-amazon.com/images/I/61VHj1YwTML._UY879_.jpg
VI-ST-18-GREY,https://m.media-amazon.com/images/I/713xgIpA6gL._UY879_.jpg
VI-ST-18-ORANGE,https://m.media-amazon.com/images/I/61jt3jNjWoL._UY879_.jpg
VI-ST-18-RED,https://m.media-amazon.com/images/I/61BZQWqRHEL._UY879_.jpg
VI-ST-18-YELLOW,https://m.media-amazon.com/images/I/717Qo4GuEkL._UY879_.jpg
VI-ST-19-BLACK,https://m.media-amazon.com/images/I/71JhfR0i7ML._UY879_.jpg
VI-ST-19-BLUE-1,https://m.media-amazon.com/images/I/711MuyxzzcL._UY879_.jpg
VI-ST-19-BLUE-2,https://m.media-amazon.com/images/I/61nw2H-9RIL._UY879_.jpg
VI-ST-20-MULTI-1,https://m.media-amazon.com/images/I/71PKIo3O+vL._UY879_.jpg
VI-ST-20-MULTI-2,https://m.media-amazon.com/images/I/71UMoEUsd6L._UY879_.jpg
VI-ST-20-MULTI-3,https://m.media-amazon.com/images/I/71FjUDujq8L._UY879_.jpg
VI-ST-21-BEIGE,
VI-ST-21-BLACK,
VI-ST-21-BLUE,
VI-ST-21-DGREEN,
VI-ST-21-DPINK,
VI-ST-21-GREEN,
VI-ST-21-GREY,
VI-ST-21-MAROON,
VI-ST-21-MUSTARD,
VI-ST-21-NAVYBLUE,
VI-ST-21-PEACH,
VI-ST-21-PINK,
VI-ST-21-RED,
VI-ST-21-WINE,
VI-ST-21-YELLOW,
VI-ST-22-BLACK,https://i.imgur.com/xiJ1IPJ.jpg
VI-ST-22-DPINK,https://i.imgur.com/bgXVKMe.jpg
VI-ST-22-MAROON,https://i.imgur.com/Le31tk9.jpg
VI-ST-22-MUSTARD,https://i.imgur.com/CRcgnH0.jpg
VI-ST-22-WINE,https://i.imgur.com/GzzaXw4.jpg
W-ST-01-BLACK,No image found
W-ST-02-GREY,No image found
WK-01-BLACK-3XL,https://i.imgur.com/evbaTBH.jpg
WK-01-BLACK-L,https://i.imgur.com/evbaTBH.jpg
WK-01-BLACK-M,https://i.imgur.com/evbaTBH.jpg
WK-01-BLACK-XL,https://i.imgur.com/evbaTBH.jpg
WK-01-BLACK-XXL,https://i.imgur.com/evbaTBH.jpg
WKS-02-BLACK-3XL,https://i.imgur.com/mzlfW2l.jpg
WKS-02-BLACK-L,https://i.imgur.com/mzlfW2l.jpg
WKS-02-BLACK-M,https://i.imgur.com/mzlfW2l.jpg
WKS-02-BLACK-XL,https://i.imgur.com/mzlfW2l.jpg
WKS-02-BLACK-XXL,https://i.imgur.com/mzlfW2l.jpg
WKS-03-WHITE-L,https://i.imgur.com/qRfnnRO.jpg
WKS-03-WHITE-M,https://i.imgur.com/qRfnnRO.jpg
WKS-03-WHITE-XL,https://i.imgur.com/qRfnnRO.jpg
WKS-03-WHITE-XXL,https://i.imgur.com/qRfnnRO.jpg
WKS-04-GREEN-L,https://i.imgur.com/Y26zwUO.jpg
WKS-04-GREEN-M,https://i.imgur.com/Y26zwUO.jpg
WKS-04-GREEN-XL,https://i.imgur.com/Y26zwUO.jpg
WKS-04-GREEN-XXL,https://i.imgur.com/Y26zwUO.jpg
WKS-05-PEACH-L,https://i.imgur.com/aS0HRhy.jpg
WKS-05-PEACH-M,https://i.imgur.com/aS0HRhy.jpg
WKS-05-PEACH-XL,https://i.imgur.com/aS0HRhy.jpg
WKS-05-PEACH-XXL,https://i.imgur.com/aS0HRhy.jpg
WKS-06-GREY-3XL,https://i.imgur.com/xJhLQyS.jpg
WKS-06-GREY-L,https://i.imgur.com/xJhLQyS.jpg
WKS-06-GREY-M,https://i.imgur.com/xJhLQyS.jpg
WKS-06-GREY-XL,https://i.imgur.com/xJhLQyS.jpg
WKS-06-GREY-XXL,https://i.imgur.com/xJhLQyS.jpg
WKS-07-YELLOW-L,https://i.imgur.com/y9Vhudd.jpg
WKS-07-YELLOW-M,https://i.imgur.com/y9Vhudd.jpg
WKS-07-YELLOW-XL,https://i.imgur.com/y9Vhudd.jpg
WKS-07-YELLOW-XXL,https://i.imgur.com/y9Vhudd.jpg
